Fold,Epoch,Train_Loss,Test_Loss,Train_Acc,Test_Acc,Precision,Recall,Train_CM,Test_CM
1,0,1.0956554412841797,2.5153677463531494,0.5883014623172104,0.5859375,0.5859375,1.0,"[[0, 730], [2, 1046]]","[[0, 53], [0, 75]]"
1,1,2.2492802143096924,2.086960554122925,0.5905511811023622,0.5859375,0.5859375,1.0,"[[5, 725], [3, 1045]]","[[0, 53], [0, 75]]"
1,2,1.9103569984436035,1.283776879310608,0.6344206974128234,0.6171875,0.63,0.84,"[[217, 513], [137, 911]]","[[16, 37], [12, 63]]"
1,3,1.2691435813903809,0.8008220791816711,0.6158605174353206,0.5234375,0.64,0.4266666666666667,"[[585, 145], [538, 510]]","[[35, 18], [43, 32]]"
1,4,0.8842554092407227,0.798187255859375,0.5523059617547806,0.546875,0.8695652173913043,0.26666666666666666,"[[693, 37], [759, 289]]","[[50, 3], [55, 20]]"
1,5,0.9167613983154297,0.7585502862930298,0.5449943757030371,0.5390625,0.9444444444444444,0.22666666666666666,"[[712, 18], [791, 257]]","[[52, 1], [58, 17]]"
1,6,0.9462416172027588,0.649422824382782,0.6614173228346457,0.5703125,0.8125,0.3466666666666667,"[[678, 52], [550, 498]]","[[47, 6], [49, 26]]"
1,7,0.8185551166534424,0.6332241296768188,0.749156355455568,0.671875,0.726027397260274,0.7066666666666667,"[[526, 204], [242, 806]]","[[33, 20], [22, 53]]"
1,8,0.8178644180297852,0.6293194890022278,0.7570303712035995,0.65625,0.691358024691358,0.7466666666666667,"[[488, 242], [190, 858]]","[[28, 25], [19, 56]]"
1,9,0.808660626411438,0.6023770570755005,0.7564679415073116,0.6875,0.7611940298507462,0.68,"[[553, 177], [256, 792]]","[[37, 16], [24, 51]]"
1,10,0.7610598802566528,0.608002781867981,0.7407199100112486,0.6796875,0.8035714285714286,0.6,"[[631, 99], [362, 686]]","[[42, 11], [30, 45]]"
1,11,0.7744765877723694,0.6139084100723267,0.7328458942632171,0.71875,0.8979591836734694,0.5866666666666667,"[[653, 77], [398, 650]]","[[48, 5], [31, 44]]"
1,12,0.7404301166534424,0.6045727729797363,0.7429696287964005,0.71875,0.8823529411764706,0.6,"[[640, 90], [367, 681]]","[[47, 6], [30, 45]]"
1,13,0.7314296960830688,0.5956674218177795,0.7637795275590551,0.7265625,0.8571428571428571,0.64,"[[623, 107], [313, 735]]","[[45, 8], [27, 48]]"
1,14,0.7041401267051697,0.5962748527526855,0.7778402699662542,0.71875,0.8095238095238095,0.68,"[[594, 136], [259, 789]]","[[41, 12], [24, 51]]"
1,15,0.7086076140403748,0.5985425114631653,0.7840269966254219,0.734375,0.8153846153846154,0.7066666666666667,"[[581, 149], [235, 813]]","[[41, 12], [22, 53]]"
1,16,0.7031206488609314,0.5942538976669312,0.7862767154105736,0.734375,0.8153846153846154,0.7066666666666667,"[[589, 141], [239, 809]]","[[41, 12], [22, 53]]"
1,17,0.6866483688354492,0.5907644033432007,0.7862767154105736,0.7265625,0.8333333333333334,0.6666666666666666,"[[602, 128], [252, 796]]","[[43, 10], [25, 50]]"
1,18,0.6752831339836121,0.5888589024543762,0.7896512935883014,0.7265625,0.8448275862068966,0.6533333333333333,"[[615, 115], [259, 789]]","[[44, 9], [26, 49]]"
1,19,0.6538887023925781,0.5852529406547546,0.7947131608548932,0.7265625,0.8571428571428571,0.64,"[[622, 108], [257, 791]]","[[45, 8], [27, 48]]"
1,20,0.6631084680557251,0.5808584094047546,0.796962879640045,0.734375,0.8596491228070176,0.6533333333333333,"[[628, 102], [259, 789]]","[[45, 8], [26, 49]]"
1,21,0.652448832988739,0.5750032067298889,0.8003374578177728,0.75,0.864406779661017,0.68,"[[630, 100], [255, 793]]","[[45, 8], [24, 51]]"
1,22,0.6414234638214111,0.5703315138816833,0.7958380202474691,0.75,0.864406779661017,0.68,"[[641, 89], [274, 774]]","[[45, 8], [24, 51]]"
1,23,0.6379258036613464,0.5699275732040405,0.7975253093363329,0.75,0.8771929824561403,0.6666666666666666,"[[649, 81], [279, 769]]","[[46, 7], [25, 50]]"
1,24,0.6227278113365173,0.568904459476471,0.7902137232845894,0.734375,0.8596491228070176,0.6533333333333333,"[[649, 81], [292, 756]]","[[45, 8], [26, 49]]"
1,25,0.6178449988365173,0.5663551688194275,0.7980877390326209,0.7265625,0.8448275862068966,0.6533333333333333,"[[645, 85], [274, 774]]","[[44, 9], [26, 49]]"
1,26,0.6147810816764832,0.5633136630058289,0.8087739032620922,0.734375,0.8360655737704918,0.68,"[[635, 95], [245, 803]]","[[43, 10], [24, 51]]"
1,27,0.6103245615959167,0.5632071495056152,0.8149606299212598,0.75,0.8307692307692308,0.72,"[[626, 104], [225, 823]]","[[42, 11], [21, 54]]"
1,28,0.6059467196464539,0.5636230111122131,0.8166479190101237,0.7578125,0.8333333333333334,0.7333333333333333,"[[624, 106], [220, 828]]","[[42, 11], [20, 55]]"
1,29,0.5978710651397705,0.5640190839767456,0.8217097862767154,0.7578125,0.8333333333333334,0.7333333333333333,"[[631, 99], [218, 830]]","[[42, 11], [20, 55]]"
1,30,0.5932048559188843,0.5650935769081116,0.8217097862767154,0.75,0.8307692307692308,0.72,"[[633, 97], [220, 828]]","[[42, 11], [21, 54]]"
1,31,0.5902913808822632,0.5670821070671082,0.8200224971878515,0.75,0.8412698412698413,0.7066666666666667,"[[638, 92], [228, 820]]","[[43, 10], [22, 53]]"
1,32,0.5828291177749634,0.5695703029632568,0.8166479190101237,0.7421875,0.8387096774193549,0.6933333333333334,"[[642, 88], [238, 810]]","[[43, 10], [23, 52]]"
1,33,0.5820114612579346,0.5729789137840271,0.8138357705286839,0.7578125,0.8548387096774194,0.7066666666666667,"[[647, 83], [248, 800]]","[[44, 9], [22, 53]]"
1,34,0.5775233507156372,0.57645583152771,0.813273340832396,0.7421875,0.85,0.68,"[[650, 80], [252, 796]]","[[44, 9], [24, 51]]"
1,35,0.5774985551834106,0.5769546031951904,0.813273340832396,0.7421875,0.85,0.68,"[[651, 79], [253, 795]]","[[44, 9], [24, 51]]"
1,36,0.5800861120223999,0.5756139159202576,0.8155230596175478,0.75,0.8524590163934426,0.6933333333333334,"[[649, 81], [247, 801]]","[[44, 9], [23, 52]]"
1,37,0.5720494985580444,0.5729883313179016,0.8205849268841395,0.75,0.8524590163934426,0.6933333333333334,"[[644, 86], [233, 815]]","[[44, 9], [23, 52]]"
2,0,1.0690070390701294,2.754990577697754,0.4092186621697583,0.4094488188976378,0.0,0.0,"[[728, 3], [1048, 0]]","[[52, 0], [75, 0]]"
2,1,2.3356432914733887,1.5847570896148682,0.40978077571669475,0.4094488188976378,0.0,0.0,"[[729, 2], [1048, 0]]","[[52, 0], [75, 0]]"
2,2,1.7716044187545776,0.834503173828125,0.6194491287240023,0.6220472440944882,0.7755102040816326,0.5066666666666667,"[[585, 146], [531, 517]]","[[41, 11], [37, 38]]"
2,3,0.9135462045669556,0.8166600465774536,0.6722878021360315,0.6771653543307087,0.7428571428571429,0.6933333333333334,"[[498, 233], [350, 698]]","[[34, 18], [23, 52]]"
2,4,0.831942081451416,0.6677442193031311,0.7195053400786959,0.6929133858267716,0.7647058823529411,0.6933333333333334,"[[538, 193], [306, 742]]","[[36, 16], [23, 52]]"
2,5,0.8366630673408508,0.5628345608711243,0.6779089376053963,0.7007874015748031,0.8936170212765957,0.56,"[[680, 51], [522, 526]]","[[47, 5], [33, 42]]"
2,6,0.8000746369361877,0.5266802310943604,0.730185497470489,0.7244094488188977,0.8846153846153846,0.6133333333333333,"[[651, 80], [400, 648]]","[[46, 6], [29, 46]]"
2,7,0.7809407711029053,0.5273379683494568,0.7661607644744238,0.7480314960629921,0.7792207792207793,0.8,"[[532, 199], [217, 831]]","[[35, 17], [15, 60]]"
2,8,0.7617494463920593,0.5827450156211853,0.761663856098932,0.7559055118110236,0.7619047619047619,0.8533333333333334,"[[449, 282], [142, 906]]","[[32, 20], [11, 64]]"
2,9,0.7699236869812012,0.5626134276390076,0.7790893760539629,0.7480314960629921,0.7792207792207793,0.8,"[[524, 207], [186, 862]]","[[35, 17], [15, 60]]"
2,10,0.7667314410209656,0.5214037299156189,0.762788083192805,0.7401574803149606,0.8387096774193549,0.6933333333333334,"[[616, 115], [307, 741]]","[[42, 10], [23, 52]]"
2,11,0.7206615209579468,0.5379360914230347,0.7363687464867903,0.7322834645669292,0.8727272727272727,0.64,"[[655, 76], [393, 655]]","[[45, 7], [27, 48]]"
2,12,0.714997410774231,0.5523509979248047,0.7155705452501405,0.7244094488188977,0.9,0.6,"[[671, 60], [446, 602]]","[[47, 5], [30, 45]]"
2,13,0.7353628277778625,0.5307813286781311,0.7566048341765037,0.7322834645669292,0.8596491228070176,0.6533333333333333,"[[650, 81], [352, 696]]","[[44, 8], [26, 49]]"
2,14,0.7124287486076355,0.5144546031951904,0.7925801011804384,0.7637795275590551,0.8461538461538461,0.7333333333333333,"[[631, 100], [269, 779]]","[[42, 10], [20, 55]]"
2,15,0.670272946357727,0.5172836184501648,0.8015739179314222,0.7952755905511811,0.8266666666666667,0.8266666666666667,"[[584, 147], [206, 842]]","[[39, 13], [13, 62]]"
2,16,0.6654525399208069,0.5280462503433228,0.8026981450252951,0.7795275590551181,0.7974683544303798,0.84,"[[554, 177], [174, 874]]","[[36, 16], [12, 63]]"
2,17,0.6944794058799744,0.5000295639038086,0.8026981450252951,0.7795275590551181,0.8051948051948052,0.8266666666666667,"[[572, 159], [192, 856]]","[[37, 15], [13, 62]]"
2,18,0.6904386281967163,0.48523440957069397,0.7937043282743114,0.7322834645669292,0.8253968253968254,0.6933333333333334,"[[629, 102], [265, 783]]","[[41, 11], [23, 52]]"
2,19,0.6426912546157837,0.5095441937446594,0.7639123102866779,0.7086614173228346,0.8275862068965517,0.64,"[[659, 72], [348, 700]]","[[42, 10], [27, 48]]"
2,20,0.6404425501823425,0.5399141907691956,0.7526700393479483,0.6929133858267716,0.8333333333333334,0.6,"[[684, 47], [393, 655]]","[[43, 9], [30, 45]]"
2,21,0.716595470905304,0.5244863629341125,0.7661607644744238,0.7165354330708661,0.8421052631578947,0.64,"[[673, 58], [358, 690]]","[[43, 9], [27, 48]]"
2,22,0.6580111384391785,0.5098921060562134,0.7785272625070264,0.7244094488188977,0.8333333333333334,0.6666666666666666,"[[657, 74], [320, 728]]","[[42, 10], [25, 50]]"
2,23,0.6305153369903564,0.5004885792732239,0.7987633501967397,0.7165354330708661,0.819672131147541,0.6666666666666666,"[[640, 91], [267, 781]]","[[41, 11], [25, 50]]"
2,24,0.6487935781478882,0.4989520311355591,0.8128161888701517,0.7401574803149606,0.8181818181818182,0.72,"[[621, 110], [223, 825]]","[[40, 12], [21, 54]]"
3,0,1.1481906175613403,2.0064780712127686,0.5890949971894323,0.5905511811023622,0.5905511811023622,1.0,"[[3, 728], [3, 1045]]","[[0, 52], [0, 75]]"
3,1,1.902451753616333,1.6613433361053467,0.5890949971894323,0.5905511811023622,0.5905511811023622,1.0,"[[7, 724], [7, 1041]]","[[0, 52], [0, 75]]"
3,2,1.5715538263320923,0.9825516939163208,0.6655424395727937,0.6377952755905512,0.6355140186915887,0.9066666666666666,"[[255, 476], [119, 929]]","[[13, 39], [7, 68]]"
3,3,1.047819972038269,0.7314997315406799,0.5756042720629567,0.5748031496062992,0.8620689655172413,0.3333333333333333,"[[693, 38], [717, 331]]","[[48, 4], [50, 25]]"
3,4,0.8808205127716064,0.8085525035858154,0.4952220348510399,0.47244094488188976,0.8333333333333334,0.13333333333333333,"[[725, 6], [892, 156]]","[[50, 2], [65, 10]]"
3,5,0.9824198484420776,0.7285879254341125,0.5132096683530073,0.5196850393700787,0.9375,0.2,"[[725, 6], [860, 188]]","[[51, 1], [60, 15]]"
3,6,0.913353681564331,0.5940876603126526,0.6211354693648117,0.6456692913385826,0.8947368421052632,0.4533333333333333,"[[691, 40], [634, 414]]","[[48, 4], [41, 34]]"
3,7,0.8192359209060669,0.5951615571975708,0.7577290612703766,0.7007874015748031,0.7534246575342466,0.7333333333333333,"[[581, 150], [281, 767]]","[[34, 18], [20, 55]]"
3,8,0.7877784967422485,0.6360111832618713,0.7633501967397415,0.7322834645669292,0.7252747252747253,0.88,"[[464, 267], [154, 894]]","[[27, 25], [9, 66]]"
3,9,0.7892493009567261,0.6104859113693237,0.7633501967397415,0.7480314960629921,0.7415730337078652,0.88,"[[462, 269], [152, 896]]","[[29, 23], [9, 66]]"
3,10,0.7856749296188354,0.5343320369720459,0.7774030354131535,0.7795275590551181,0.7764705882352941,0.88,"[[542, 189], [207, 841]]","[[33, 19], [9, 66]]"
3,11,0.7386273741722107,0.4874974191188812,0.7700955593029792,0.7559055118110236,0.8142857142857143,0.76,"[[609, 122], [287, 761]]","[[39, 13], [18, 57]]"
3,12,0.7188807129859924,0.47254809737205505,0.7537942664418212,0.7716535433070866,0.8709677419354839,0.72,"[[645, 86], [352, 696]]","[[44, 8], [21, 54]]"
3,13,0.7277027368545532,0.45708799362182617,0.7526700393479483,0.7874015748031497,0.8870967741935484,0.7333333333333333,"[[648, 83], [357, 691]]","[[45, 7], [20, 55]]"
3,14,0.7253411412239075,0.4376189410686493,0.7734682405845981,0.7795275590551181,0.8615384615384616,0.7466666666666667,"[[633, 98], [305, 743]]","[[43, 9], [19, 56]]"
3,15,0.7094299793243408,0.4373111426830292,0.7925801011804384,0.8188976377952756,0.8333333333333334,0.8666666666666667,"[[603, 128], [241, 807]]","[[39, 13], [10, 65]]"
3,16,0.6792671084403992,0.4507976174354553,0.8021360314783587,0.8110236220472441,0.8072289156626506,0.8933333333333333,"[[574, 157], [195, 853]]","[[36, 16], [8, 67]]"
3,17,0.6830750703811646,0.45117422938346863,0.8032602585722316,0.8110236220472441,0.8072289156626506,0.8933333333333333,"[[567, 164], [186, 862]]","[[36, 16], [8, 67]]"
3,18,0.6787257194519043,0.4280640184879303,0.8026981450252951,0.8346456692913385,0.8375,0.8933333333333333,"[[589, 142], [209, 839]]","[[39, 13], [8, 67]]"
3,19,0.6574617028236389,0.4150884747505188,0.8015739179314222,0.8346456692913385,0.8461538461538461,0.88,"[[612, 119], [234, 814]]","[[40, 12], [9, 66]]"
3,20,0.6594314575195312,0.4141099750995636,0.7965148960089938,0.8110236220472441,0.8493150684931506,0.8266666666666667,"[[630, 101], [261, 787]]","[[41, 11], [13, 62]]"
3,21,0.6346875429153442,0.4221101701259613,0.7925801011804384,0.8110236220472441,0.8591549295774648,0.8133333333333334,"[[641, 90], [279, 769]]","[[42, 10], [14, 61]]"
3,22,0.6384707689285278,0.43755632638931274,0.7970770095559303,0.8031496062992126,0.8676470588235294,0.7866666666666666,"[[647, 84], [277, 771]]","[[43, 9], [16, 59]]"
3,23,0.6223211884498596,0.44940200448036194,0.7948285553681844,0.8110236220472441,0.8695652173913043,0.8,"[[644, 87], [278, 770]]","[[43, 9], [15, 60]]"
3,24,0.6324309706687927,0.4638529419898987,0.7959527824620574,0.8188976377952756,0.8611111111111112,0.8266666666666667,"[[637, 94], [269, 779]]","[[42, 10], [13, 62]]"
3,25,0.6380499005317688,0.46407976746559143,0.8015739179314222,0.8188976377952756,0.8421052631578947,0.8533333333333334,"[[633, 98], [255, 793]]","[[40, 12], [11, 64]]"
3,26,0.6132951974868774,0.4633896052837372,0.807195053400787,0.8267716535433071,0.8441558441558441,0.8666666666666667,"[[624, 107], [236, 812]]","[[40, 12], [10, 65]]"
3,27,0.6032742261886597,0.4622763693332672,0.8100056211354694,0.8346456692913385,0.8461538461538461,0.88,"[[614, 117], [221, 827]]","[[40, 12], [9, 66]]"
4,0,2.1721746921539307,0.9400246143341064,0.5868465430016864,0.5905511811023622,0.592,0.9866666666666667,"[[27, 704], [31, 1017]]","[[1, 51], [1, 74]]"
4,1,1.1738066673278809,0.7622199058532715,0.6127037661607645,0.5905511811023622,0.6036036036036037,0.8933333333333333,"[[124, 607], [82, 966]]","[[8, 44], [8, 67]]"
4,2,0.9664382934570312,0.6197978854179382,0.62619449128724,0.6062992125984252,0.8378378378378378,0.41333333333333333,"[[647, 84], [581, 467]]","[[46, 6], [44, 31]]"
4,3,0.8742276430130005,0.6613214612007141,0.5632377740303541,0.6141732283464567,0.9642857142857143,0.36,"[[713, 18], [759, 289]]","[[51, 1], [48, 27]]"
4,4,0.9059358835220337,0.5655322074890137,0.6964586846543002,0.7165354330708661,0.9148936170212766,0.5733333333333334,"[[649, 82], [458, 590]]","[[48, 4], [32, 43]]"
4,5,0.8256275653839111,0.5349062085151672,0.7492973580663294,0.7401574803149606,0.828125,0.7066666666666667,"[[568, 163], [283, 765]]","[[41, 11], [22, 53]]"
4,6,0.7831629514694214,0.5342022180557251,0.7582911748173131,0.7322834645669292,0.7808219178082192,0.76,"[[490, 241], [189, 859]]","[[36, 16], [18, 57]]"
4,7,0.797825813293457,0.5295478105545044,0.7599775154581225,0.7716535433070866,0.8484848484848485,0.7466666666666667,"[[554, 177], [250, 798]]","[[42, 10], [19, 56]]"
4,8,0.7508315443992615,0.533866822719574,0.7633501967397415,0.7637795275590551,0.8688524590163934,0.7066666666666667,"[[595, 136], [285, 763]]","[[44, 8], [22, 53]]"
4,9,0.7397812604904175,0.537750244140625,0.7684092186621697,0.7716535433070866,0.8833333333333333,0.7066666666666667,"[[613, 118], [294, 754]]","[[45, 7], [22, 53]]"
4,10,0.7237017154693604,0.5286850929260254,0.7852726250702642,0.7874015748031497,0.875,0.7466666666666667,"[[593, 138], [244, 804]]","[[44, 8], [19, 56]]"
4,11,0.7084468007087708,0.5271039605140686,0.7914558740865655,0.7952755905511811,0.8769230769230769,0.76,"[[584, 147], [224, 824]]","[[44, 8], [18, 57]]"
4,12,0.6905996799468994,0.528976559638977,0.7942664418212478,0.7952755905511811,0.8656716417910447,0.7733333333333333,"[[568, 163], [203, 845]]","[[43, 9], [17, 58]]"
4,13,0.6891315579414368,0.5252063870429993,0.7953906689151209,0.7952755905511811,0.8656716417910447,0.7733333333333333,"[[569, 162], [202, 846]]","[[43, 9], [17, 58]]"
4,14,0.6788572669029236,0.5248706340789795,0.7987633501967397,0.7795275590551181,0.8405797101449275,0.7733333333333333,"[[557, 174], [184, 864]]","[[41, 11], [17, 58]]"
4,15,0.675684928894043,0.5204409956932068,0.8032602585722316,0.7795275590551181,0.8405797101449275,0.7733333333333333,"[[584, 147], [203, 845]]","[[41, 11], [17, 58]]"
4,16,0.6808130741119385,0.5174119472503662,0.8055087127599775,0.7637795275590551,0.8571428571428571,0.72,"[[619, 112], [234, 814]]","[[43, 9], [21, 54]]"
4,17,0.6557566523551941,0.5298737287521362,0.7914558740865655,0.7244094488188977,0.8571428571428571,0.64,"[[641, 90], [281, 767]]","[[44, 8], [27, 48]]"
4,18,0.677654504776001,0.5279473662376404,0.792017987633502,0.7401574803149606,0.8620689655172413,0.6666666666666666,"[[631, 100], [270, 778]]","[[44, 8], [25, 50]]"
4,19,0.6668647527694702,0.5233855843544006,0.8066329398538504,0.7559055118110236,0.8548387096774194,0.7066666666666667,"[[609, 122], [222, 826]]","[[43, 9], [22, 53]]"
4,20,0.6540667414665222,0.5279728174209595,0.818999437886453,0.7559055118110236,0.84375,0.72,"[[590, 141], [181, 867]]","[[42, 10], [21, 54]]"
5,0,1.2681463956832886,2.9697353839874268,0.41090500281056774,0.4094488188976378,0.0,0.0,"[[731, 0], [1048, 0]]","[[52, 0], [75, 0]]"
5,1,2.548896551132202,2.3513240814208984,0.41090500281056774,0.4094488188976378,0.0,0.0,"[[731, 0], [1048, 0]]","[[52, 0], [75, 0]]"
5,2,2.2726266384124756,1.0370919704437256,0.42495784148397975,0.41732283464566927,1.0,0.013333333333333334,"[[729, 2], [1021, 27]]","[[52, 0], [74, 1]]"
5,3,1.2174971103668213,0.6330469846725464,0.7003934794828556,0.7322834645669292,0.7303370786516854,0.8666666666666667,"[[407, 324], [209, 839]]","[[28, 24], [10, 65]]"
5,4,0.8775113821029663,0.7308648824691772,0.6784710511523327,0.7165354330708661,0.6857142857142857,0.96,"[[244, 487], [85, 963]]","[[19, 33], [3, 72]]"
5,5,1.0655579566955566,0.6142288446426392,0.7217537942664418,0.7480314960629921,0.7311827956989247,0.9066666666666666,"[[381, 350], [145, 903]]","[[27, 25], [7, 68]]"
5,6,0.8937221765518188,0.526681125164032,0.7189432265317595,0.7401574803149606,0.828125,0.7066666666666667,"[[611, 120], [380, 668]]","[[41, 11], [22, 53]]"
5,7,0.8056046366691589,0.6080210208892822,0.640247329960652,0.6377952755905512,0.8918918918918919,0.44,"[[709, 22], [618, 430]]","[[48, 4], [42, 33]]"
5,8,0.8338333368301392,0.628974199295044,0.6335019673974143,0.6377952755905512,0.9393939393939394,0.41333333333333333,"[[713, 18], [634, 414]]","[[50, 2], [44, 31]]"
5,9,0.9248767495155334,0.5576651692390442,0.6807195053400787,0.6929133858267716,0.8913043478260869,0.5466666666666666,"[[686, 45], [523, 525]]","[[47, 5], [34, 41]]"
5,10,0.8674808144569397,0.48811134696006775,0.7492973580663294,0.7559055118110236,0.84375,0.72,"[[632, 99], [347, 701]]","[[42, 10], [21, 54]]"
5,11,0.7575687170028687,0.49762898683547974,0.7796514896008994,0.7795275590551181,0.7974683544303798,0.84,"[[534, 197], [195, 853]]","[[36, 16], [12, 63]]"
5,12,0.7571819424629211,0.5061485767364502,0.7717818999437887,0.7874015748031497,0.7857142857142857,0.88,"[[496, 235], [171, 877]]","[[34, 18], [9, 66]]"
5,13,0.7446889877319336,0.48924919962882996,0.7835862844294548,0.7795275590551181,0.7901234567901234,0.8533333333333334,"[[520, 211], [174, 874]]","[[35, 17], [11, 64]]"
5,14,0.7189459800720215,0.46617910265922546,0.7880831928049467,0.8031496062992126,0.8289473684210527,0.84,"[[562, 169], [208, 840]]","[[39, 13], [12, 63]]"
5,15,0.7194716930389404,0.4510786533355713,0.7774030354131535,0.8031496062992126,0.8472222222222222,0.8133333333333334,"[[614, 117], [279, 769]]","[[41, 11], [14, 61]]"
5,16,0.6888948082923889,0.45572131872177124,0.7661607644744238,0.7952755905511811,0.8769230769230769,0.76,"[[657, 74], [342, 706]]","[[44, 8], [18, 57]]"
5,17,0.6850098967552185,0.46457740664482117,0.7571669477234402,0.7795275590551181,0.8852459016393442,0.72,"[[667, 64], [368, 680]]","[[45, 7], [21, 54]]"
5,18,0.7072799205780029,0.45805174112319946,0.7622259696458684,0.8031496062992126,0.890625,0.76,"[[660, 71], [352, 696]]","[[45, 7], [18, 57]]"
5,19,0.6712579131126404,0.4520086944103241,0.7734682405845981,0.7952755905511811,0.8769230769230769,0.76,"[[656, 75], [328, 720]]","[[44, 8], [18, 57]]"
5,20,0.6661823987960815,0.44554659724235535,0.7903316469926925,0.7795275590551181,0.8405797101449275,0.7733333333333333,"[[644, 87], [286, 762]]","[[41, 11], [17, 58]]"
5,21,0.6573171615600586,0.44372424483299255,0.7965148960089938,0.7795275590551181,0.8405797101449275,0.7733333333333333,"[[632, 99], [263, 785]]","[[41, 11], [17, 58]]"
5,22,0.6550318598747253,0.442966103553772,0.8026981450252951,0.7716535433070866,0.8194444444444444,0.7866666666666666,"[[622, 109], [242, 806]]","[[39, 13], [16, 59]]"
5,23,0.6550600528717041,0.44425836205482483,0.8094435075885329,0.7795275590551181,0.8051948051948052,0.8266666666666667,"[[605, 126], [213, 835]]","[[37, 15], [13, 62]]"
6,0,1.1687874794006348,1.6747698783874512,0.5896571107363687,0.5905511811023622,0.5905511811023622,1.0,"[[1, 730], [0, 1048]]","[[0, 52], [0, 75]]"
6,1,1.7454006671905518,1.2725143432617188,0.5919055649241147,0.5826771653543307,0.5873015873015873,0.9866666666666667,"[[5, 726], [0, 1048]]","[[0, 52], [1, 74]]"
6,2,1.60258150100708,0.7497629523277283,0.6734120292299044,0.6771653543307087,0.6931818181818182,0.8133333333333334,"[[384, 347], [234, 814]]","[[25, 27], [14, 61]]"
6,3,1.0535781383514404,0.7310786843299866,0.5834738617200674,0.5748031496062992,0.8620689655172413,0.3333333333333333,"[[679, 52], [689, 359]]","[[48, 4], [50, 25]]"
6,4,0.9010065793991089,0.8057786226272583,0.5323215289488477,0.5118110236220472,0.8823529411764706,0.2,"[[704, 27], [805, 243]]","[[50, 2], [60, 15]]"
6,5,0.9497159719467163,0.7054867148399353,0.5935919055649241,0.5748031496062992,0.8888888888888888,0.32,"[[695, 36], [687, 361]]","[[49, 3], [51, 24]]"
6,6,0.9052000045776367,0.5854414105415344,0.6784710511523327,0.6535433070866141,0.8297872340425532,0.52,"[[652, 79], [493, 555]]","[[44, 8], [36, 39]]"
6,7,0.8422501683235168,0.5635208487510681,0.730185497470489,0.7165354330708661,0.7671232876712328,0.7466666666666667,"[[530, 201], [279, 769]]","[[35, 17], [19, 56]]"
6,8,0.7981840372085571,0.5668900012969971,0.7504215851602024,0.7559055118110236,0.7682926829268293,0.84,"[[451, 280], [164, 884]]","[[33, 19], [12, 63]]"
6,9,0.848743200302124,0.5349218845367432,0.7639123102866779,0.7637795275590551,0.7922077922077922,0.8133333333333334,"[[489, 242], [178, 870]]","[[36, 16], [14, 61]]"
6,10,0.801288366317749,0.5000492334365845,0.7650365373805509,0.7874015748031497,0.8333333333333334,0.8,"[[586, 145], [273, 775]]","[[40, 12], [15, 60]]"
6,11,0.75472092628479,0.5141051411628723,0.7251264755480608,0.7244094488188977,0.9,0.6,"[[661, 70], [419, 629]]","[[47, 5], [30, 45]]"
6,12,0.7280452251434326,0.5538507699966431,0.6975829117481731,0.7007874015748031,0.9111111111111111,0.5466666666666666,"[[685, 46], [492, 556]]","[[48, 4], [34, 41]]"
6,13,0.737158477306366,0.5607845187187195,0.6998313659359191,0.7007874015748031,0.9111111111111111,0.5466666666666666,"[[687, 44], [490, 558]]","[[48, 4], [34, 41]]"
6,14,0.7581430077552795,0.5298879146575928,0.7228780213603148,0.7244094488188977,0.9166666666666666,0.5866666666666667,"[[666, 65], [428, 620]]","[[48, 4], [31, 44]]"
6,15,0.7080894708633423,0.4985610842704773,0.7661607644744238,0.7952755905511811,0.9016393442622951,0.7333333333333333,"[[630, 101], [315, 733]]","[[46, 6], [20, 55]]"
6,16,0.6876882314682007,0.49325644969940186,0.7880831928049467,0.7952755905511811,0.8450704225352113,0.8,"[[584, 147], [230, 818]]","[[41, 11], [15, 60]]"
6,17,0.6762560606002808,0.5041569471359253,0.7953906689151209,0.7795275590551181,0.821917808219178,0.8,"[[555, 176], [188, 860]]","[[39, 13], [15, 60]]"
6,18,0.6949188113212585,0.5079463124275208,0.7959527824620574,0.7874015748031497,0.8333333333333334,0.8,"[[558, 173], [190, 858]]","[[40, 12], [15, 60]]"
6,19,0.6761852502822876,0.5055303573608398,0.7942664418212478,0.7952755905511811,0.855072463768116,0.7866666666666666,"[[585, 146], [220, 828]]","[[42, 10], [16, 59]]"
6,20,0.6774863004684448,0.5074212551116943,0.7976391231028668,0.7795275590551181,0.873015873015873,0.7333333333333333,"[[631, 100], [260, 788]]","[[44, 8], [20, 55]]"
6,21,0.643073558807373,0.5205472111701965,0.774592467678471,0.7795275590551181,0.8983050847457628,0.7066666666666667,"[[657, 74], [327, 721]]","[[46, 6], [22, 53]]"
6,22,0.6540606021881104,0.5300285220146179,0.7633501967397415,0.7874015748031497,0.9285714285714286,0.6933333333333334,"[[661, 70], [351, 697]]","[[48, 4], [23, 52]]"
6,23,0.6429237127304077,0.5342246294021606,0.761663856098932,0.7874015748031497,0.9285714285714286,0.6933333333333334,"[[667, 64], [360, 688]]","[[48, 4], [23, 52]]"
6,24,0.6672708988189697,0.5258756279945374,0.7667228780213603,0.7874015748031497,0.9285714285714286,0.6933333333333334,"[[663, 68], [347, 701]]","[[48, 4], [23, 52]]"
7,0,1.6267896890640259,1.6051876544952393,0.5941540191118606,0.5984251968503937,0.5952380952380952,1.0,"[[18, 713], [9, 1039]]","[[1, 51], [0, 75]]"
7,1,1.6403863430023193,1.29417884349823,0.6014614952220348,0.5905511811023622,0.592,0.9866666666666667,"[[45, 686], [23, 1025]]","[[1, 51], [1, 74]]"
7,2,1.389775276184082,0.7286051511764526,0.6807195053400787,0.6062992125984252,0.6404494382022472,0.76,"[[337, 394], [174, 874]]","[[20, 32], [18, 57]]"
7,3,0.9249639511108398,0.7526707649230957,0.5306351883080382,0.5118110236220472,1.0,0.17333333333333334,"[[723, 8], [827, 221]]","[[52, 0], [62, 13]]"
7,4,1.0393775701522827,0.8832961916923523,0.4822934232715008,0.47244094488188976,1.0,0.10666666666666667,"[[730, 1], [920, 128]]","[[52, 0], [67, 8]]"
7,5,1.4189578294754028,0.7282176613807678,0.5553681843732434,0.5196850393700787,0.9375,0.2,"[[723, 8], [783, 265]]","[[51, 1], [60, 15]]"
7,6,1.0093050003051758,0.5482583045959473,0.671725688589095,0.6456692913385826,0.8947368421052632,0.4533333333333333,"[[641, 90], [494, 554]]","[[48, 4], [41, 34]]"
7,7,0.8366653919219971,0.5181528925895691,0.7397414277684092,0.7322834645669292,0.7887323943661971,0.7466666666666667,"[[525, 206], [257, 791]]","[[37, 15], [19, 56]]"
7,8,0.7915275692939758,0.5239065289497375,0.7459246767847105,0.7637795275590551,0.7777777777777778,0.84,"[[446, 285], [167, 881]]","[[34, 18], [12, 63]]"
7,9,0.8141487836837769,0.5040146112442017,0.7498594716132658,0.7559055118110236,0.782051282051282,0.8133333333333334,"[[469, 262], [183, 865]]","[[35, 17], [14, 61]]"
7,10,0.7586848139762878,0.48667484521865845,0.7515458122540754,0.7559055118110236,0.8235294117647058,0.7466666666666667,"[[536, 195], [247, 801]]","[[40, 12], [19, 56]]"
7,11,0.7293844819068909,0.4835061728954315,0.7588532883642496,0.7480314960629921,0.8524590163934426,0.6933333333333334,"[[578, 153], [276, 772]]","[[43, 9], [23, 52]]"
7,12,0.7216233611106873,0.485386461019516,0.7594154019111861,0.7165354330708661,0.8545454545454545,0.6266666666666667,"[[603, 128], [300, 748]]","[[44, 8], [28, 47]]"
7,13,0.709324300289154,0.49319741129875183,0.7594154019111861,0.7165354330708661,0.8545454545454545,0.6266666666666667,"[[623, 108], [320, 728]]","[[44, 8], [28, 47]]"
7,14,0.7161268591880798,0.4801362454891205,0.7684092186621697,0.7401574803149606,0.8620689655172413,0.6666666666666666,"[[611, 120], [292, 756]]","[[44, 8], [25, 50]]"
7,15,0.6964241862297058,0.46986299753189087,0.7723440134907251,0.7637795275590551,0.8688524590163934,0.7066666666666667,"[[602, 129], [276, 772]]","[[44, 8], [22, 53]]"
7,16,0.6925760507583618,0.4562307894229889,0.7892074198988196,0.7795275590551181,0.873015873015873,0.7333333333333333,"[[590, 141], [234, 814]]","[[44, 8], [20, 55]]"
7,17,0.6760897040367126,0.44642379879951477,0.7965148960089938,0.7952755905511811,0.8769230769230769,0.76,"[[571, 160], [202, 846]]","[[44, 8], [18, 57]]"
7,18,0.6762093305587769,0.4415023922920227,0.8021360314783587,0.7952755905511811,0.8656716417910447,0.7733333333333333,"[[563, 168], [184, 864]]","[[43, 9], [17, 58]]"
7,19,0.6717018485069275,0.43834489583969116,0.8021360314783587,0.7952755905511811,0.8656716417910447,0.7733333333333333,"[[555, 176], [176, 872]]","[[43, 9], [17, 58]]"
7,20,0.6793040037155151,0.43676283955574036,0.8043844856661045,0.7952755905511811,0.8656716417910447,0.7733333333333333,"[[569, 162], [186, 862]]","[[43, 9], [17, 58]]"
7,21,0.683952271938324,0.44005972146987915,0.8010118043844857,0.7874015748031497,0.875,0.7466666666666667,"[[584, 147], [207, 841]]","[[44, 8], [19, 56]]"
7,22,0.6566298007965088,0.4476969242095947,0.8010118043844857,0.7874015748031497,0.9137931034482759,0.7066666666666667,"[[609, 122], [232, 816]]","[[47, 5], [22, 53]]"
7,23,0.6495926976203918,0.4551104009151459,0.8004496908375491,0.7874015748031497,0.9137931034482759,0.7066666666666667,"[[626, 105], [250, 798]]","[[47, 5], [22, 53]]"
7,24,0.6537319421768188,0.4565981328487396,0.7982012366498032,0.7874015748031497,0.9285714285714286,0.6933333333333334,"[[631, 100], [259, 789]]","[[48, 4], [23, 52]]"
7,25,0.6430261135101318,0.45723146200180054,0.8015739179314222,0.7795275590551181,0.9122807017543859,0.6933333333333334,"[[634, 97], [256, 792]]","[[47, 5], [23, 52]]"
7,26,0.6570169925689697,0.45358213782310486,0.8004496908375491,0.7795275590551181,0.9122807017543859,0.6933333333333334,"[[626, 105], [250, 798]]","[[47, 5], [23, 52]]"
8,0,1.199846863746643,2.958054304122925,0.41090500281056774,0.4094488188976378,0.0,0.0,"[[730, 1], [1047, 1]]","[[52, 0], [75, 0]]"
8,1,2.4863193035125732,2.2440896034240723,0.41090500281056774,0.4094488188976378,0.0,0.0,"[[730, 1], [1047, 1]]","[[52, 0], [75, 0]]"
8,2,2.375737190246582,1.013273000717163,0.42608206857785275,0.4015748031496063,0.0,0.0,"[[725, 6], [1015, 33]]","[[51, 1], [75, 0]]"
8,3,1.2112412452697754,0.7229960560798645,0.642495784148398,0.6299212598425197,0.6186440677966102,0.9733333333333334,"[[152, 579], [57, 991]]","[[7, 45], [2, 73]]"
8,4,0.9666187763214111,0.795199990272522,0.609893198426082,0.6062992125984252,0.6,1.0,"[[49, 682], [12, 1036]]","[[2, 50], [0, 75]]"
8,5,1.1603734493255615,0.680586576461792,0.6750983698707139,0.6456692913385826,0.6339285714285714,0.9466666666666667,"[[217, 514], [64, 984]]","[[11, 41], [4, 71]]"
8,6,0.9184179306030273,0.5977427363395691,0.6981450252951096,0.6771653543307087,0.8148148148148148,0.5866666666666667,"[[615, 116], [421, 627]]","[[42, 10], [31, 44]]"
8,7,0.806450605392456,0.6545485854148865,0.5986509274873525,0.5669291338582677,0.9166666666666666,0.29333333333333333,"[[716, 15], [699, 349]]","[[50, 2], [53, 22]]"
8,8,0.8212114572525024,0.691516637802124,0.5716694772344013,0.5511811023622047,0.9090909090909091,0.26666666666666666,"[[724, 7], [755, 293]]","[[50, 2], [55, 20]]"
8,9,0.8553030490875244,0.6332096457481384,0.640247329960652,0.6141732283464567,0.9333333333333333,0.37333333333333335,"[[714, 17], [623, 425]]","[[50, 2], [47, 28]]"
8,10,0.8024290204048157,0.5699904561042786,0.7363687464867903,0.7086614173228346,0.8518518518518519,0.6133333333333333,"[[659, 72], [397, 651]]","[[44, 8], [29, 46]]"
8,11,0.7530625462532043,0.568400502204895,0.7594154019111861,0.7086614173228346,0.7638888888888888,0.7333333333333333,"[[572, 159], [269, 779]]","[[35, 17], [20, 55]]"
8,12,0.7835926413536072,0.569534182548523,0.7650365373805509,0.7007874015748031,0.7605633802816901,0.72,"[[569, 162], [256, 792]]","[[35, 17], [21, 54]]"
8,13,0.7498348951339722,0.5688946843147278,0.7644744238336144,0.7086614173228346,0.7878787878787878,0.6933333333333334,"[[616, 115], [304, 744]]","[[38, 14], [23, 52]]"
8,14,0.73289954662323,0.5858322381973267,0.7498594716132658,0.7086614173228346,0.8392857142857143,0.6266666666666667,"[[656, 75], [370, 678]]","[[43, 9], [28, 47]]"
8,15,0.7167202830314636,0.6010342240333557,0.7470489038785835,0.6929133858267716,0.8461538461538461,0.5866666666666667,"[[668, 63], [387, 661]]","[[44, 8], [31, 44]]"
8,16,0.697190523147583,0.6066759824752808,0.7498594716132658,0.7007874015748031,0.8490566037735849,0.6,"[[664, 67], [378, 670]]","[[44, 8], [30, 45]]"
8,17,0.6889070272445679,0.6029461026191711,0.760539629005059,0.7007874015748031,0.8363636363636363,0.6133333333333333,"[[659, 72], [354, 694]]","[[43, 9], [29, 46]]"
8,18,0.6943057775497437,0.5966217517852783,0.7740303541315345,0.7244094488188977,0.8448275862068966,0.6533333333333333,"[[651, 80], [322, 726]]","[[43, 9], [26, 49]]"
8,19,0.7003499269485474,0.5896371603012085,0.792017987633502,0.7086614173228346,0.8064516129032258,0.6666666666666666,"[[636, 95], [275, 773]]","[[40, 12], [25, 50]]"
8,20,0.6667492985725403,0.588206946849823,0.7998875772906127,0.7165354330708661,0.782608695652174,0.72,"[[622, 109], [247, 801]]","[[37, 15], [21, 54]]"
8,21,0.6710119247436523,0.5895774960517883,0.8026981450252951,0.7165354330708661,0.782608695652174,0.72,"[[613, 118], [233, 815]]","[[37, 15], [21, 54]]"
8,22,0.6698305010795593,0.5913745760917664,0.8088813940415964,0.7086614173228346,0.7714285714285715,0.72,"[[613, 118], [222, 826]]","[[36, 16], [21, 54]]"
8,23,0.665031909942627,0.5933530330657959,0.8038223721191681,0.7165354330708661,0.782608695652174,0.72,"[[618, 113], [236, 812]]","[[37, 15], [21, 54]]"
8,24,0.6582494974136353,0.5964075326919556,0.8021360314783587,0.7244094488188977,0.803030303030303,0.7066666666666667,"[[628, 103], [249, 799]]","[[39, 13], [22, 53]]"
8,25,0.6540206670761108,0.5987492203712463,0.7998875772906127,0.7244094488188977,0.803030303030303,0.7066666666666667,"[[635, 96], [260, 788]]","[[39, 13], [22, 53]]"
8,26,0.6539381742477417,0.601516604423523,0.7987633501967397,0.7165354330708661,0.8,0.6933333333333334,"[[643, 88], [270, 778]]","[[39, 13], [23, 52]]"
8,27,0.6512488722801208,0.603611409664154,0.7987633501967397,0.7165354330708661,0.8,0.6933333333333334,"[[648, 83], [275, 773]]","[[39, 13], [23, 52]]"
9,0,0.9387353658676147,0.8114559650421143,0.612141652613828,0.6220472440944882,0.6134453781512605,0.9733333333333334,"[[95, 636], [54, 994]]","[[6, 46], [2, 73]]"
9,1,0.9983332753181458,1.1595662832260132,0.45193929173693087,0.4330708661417323,1.0,0.04,"[[725, 6], [969, 79]]","[[52, 0], [72, 3]]"
9,2,1.2692022323608398,0.7750765085220337,0.5407532321528948,0.5354330708661418,1.0,0.21333333333333335,"[[721, 10], [807, 241]]","[[52, 0], [59, 16]]"
9,3,1.0189614295959473,0.5964429378509521,0.7318718381112985,0.7480314960629921,0.8028169014084507,0.76,"[[513, 218], [259, 789]]","[[38, 14], [18, 57]]"
9,4,0.8471500873565674,0.6064769625663757,0.731309724564362,0.7480314960629921,0.7945205479452054,0.7733333333333333,"[[502, 229], [249, 799]]","[[37, 15], [17, 58]]"
9,5,0.9947139620780945,0.520318865776062,0.7358066329398538,0.7559055118110236,0.8793103448275862,0.68,"[[622, 109], [361, 687]]","[[45, 7], [24, 51]]"
9,6,0.7926309704780579,0.5299215316772461,0.6992692523889825,0.6929133858267716,0.9090909090909091,0.5333333333333333,"[[684, 47], [488, 560]]","[[48, 4], [35, 40]]"
9,7,0.7688727974891663,0.5583038330078125,0.6840921866216976,0.6771653543307087,0.9722222222222222,0.4666666666666667,"[[695, 36], [526, 522]]","[[51, 1], [40, 35]]"
9,8,0.8743048310279846,0.4757799506187439,0.7296233839235525,0.7244094488188977,0.9166666666666666,0.5866666666666667,"[[659, 72], [409, 639]]","[[48, 4], [31, 44]]"
9,9,0.7554029226303101,0.4346320331096649,0.7644744238336144,0.7637795275590551,0.8813559322033898,0.6933333333333334,"[[585, 146], [273, 775]]","[[45, 7], [23, 52]]"
9,10,0.7299129962921143,0.5116379857063293,0.7751545812254075,0.8110236220472441,0.8072289156626506,0.8933333333333333,"[[470, 261], [139, 909]]","[[36, 16], [8, 67]]"
9,11,0.7893879413604736,0.5227890610694885,0.7796514896008994,0.7952755905511811,0.810126582278481,0.8533333333333334,"[[480, 251], [141, 907]]","[[37, 15], [11, 64]]"
9,12,0.7684872150421143,0.4737170338630676,0.7813378302417088,0.7952755905511811,0.8450704225352113,0.8,"[[562, 169], [220, 828]]","[[41, 11], [15, 60]]"
9,13,0.7379812002182007,0.4558875560760498,0.7481731309724564,0.7716535433070866,0.9107142857142857,0.68,"[[645, 86], [362, 686]]","[[47, 5], [24, 51]]"
9,14,0.7084930539131165,0.48690229654312134,0.7296233839235525,0.7480314960629921,0.9215686274509803,0.6266666666666667,"[[679, 52], [429, 619]]","[[48, 4], [28, 47]]"
9,15,0.7275218367576599,0.46479570865631104,0.7419898819561551,0.7559055118110236,0.9230769230769231,0.64,"[[673, 58], [401, 647]]","[[48, 4], [27, 48]]"
9,16,0.7096939086914062,0.41241294145584106,0.774592467678471,0.7874015748031497,0.9137931034482759,0.7066666666666667,"[[632, 99], [302, 746]]","[[47, 5], [22, 53]]"
9,17,0.6929152011871338,0.393799364566803,0.7953906689151209,0.8188976377952756,0.9193548387096774,0.76,"[[622, 109], [255, 793]]","[[47, 5], [18, 57]]"
9,18,0.6798713207244873,0.38152065873146057,0.8026981450252951,0.8346456692913385,0.921875,0.7866666666666666,"[[604, 127], [224, 824]]","[[47, 5], [16, 59]]"
9,19,0.6741082668304443,0.37470999360084534,0.8055087127599775,0.8346456692913385,0.921875,0.7866666666666666,"[[594, 137], [209, 839]]","[[47, 5], [16, 59]]"
9,20,0.657193124294281,0.37095898389816284,0.8026981450252951,0.8346456692913385,0.921875,0.7866666666666666,"[[583, 148], [203, 845]]","[[47, 5], [16, 59]]"
9,21,0.6573975086212158,0.3699793815612793,0.8038223721191681,0.8346456692913385,0.9090909090909091,0.8,"[[584, 147], [202, 846]]","[[46, 6], [15, 60]]"
9,22,0.667212963104248,0.372516006231308,0.7993254637436762,0.8031496062992126,0.9166666666666666,0.7333333333333333,"[[593, 138], [219, 829]]","[[47, 5], [20, 55]]"
9,23,0.6843591928482056,0.3724435865879059,0.8032602585722316,0.8188976377952756,0.9193548387096774,0.76,"[[594, 137], [213, 835]]","[[47, 5], [18, 57]]"
9,24,0.6578755378723145,0.3727070987224579,0.8100056211354694,0.8346456692913385,0.921875,0.7866666666666666,"[[597, 134], [204, 844]]","[[47, 5], [16, 59]]"
9,25,0.6514648199081421,0.37342509627342224,0.8122540753232153,0.8346456692913385,0.921875,0.7866666666666666,"[[601, 130], [204, 844]]","[[47, 5], [16, 59]]"
9,26,0.6397022008895874,0.3743985593318939,0.8105677346824058,0.8346456692913385,0.921875,0.7866666666666666,"[[603, 128], [209, 839]]","[[47, 5], [16, 59]]"
9,27,0.6546141505241394,0.3748699128627777,0.8150646430578977,0.8267716535433071,0.9076923076923077,0.7866666666666666,"[[608, 123], [206, 842]]","[[46, 6], [16, 59]]"
10,0,1.7814509868621826,1.6164895296096802,0.41652613827993257,0.3937007874015748,0.0,0.0,"[[721, 10], [1028, 20]]","[[50, 2], [75, 0]]"
10,1,1.4624189138412476,1.186642050743103,0.41989881956155145,0.4094488188976378,0.0,0.0,"[[726, 5], [1027, 21]]","[[52, 0], [75, 0]]"
10,2,1.1434417963027954,0.623039722442627,0.6020236087689713,0.6535433070866141,0.8780487804878049,0.48,"[[620, 111], [597, 451]]","[[47, 5], [39, 36]]"
10,3,0.9167153835296631,0.6012190580368042,0.6767847105115233,0.7007874015748031,0.6868686868686869,0.9066666666666666,"[[210, 521], [54, 994]]","[[21, 31], [7, 68]]"
10,4,1.0247371196746826,0.5959315299987793,0.6970207982012366,0.6929133858267716,0.6875,0.88,"[[267, 464], [75, 973]]","[[22, 30], [9, 66]]"
10,5,0.9948540925979614,0.4942531883716583,0.7346824058459809,0.7401574803149606,0.7763157894736842,0.7866666666666666,"[[465, 266], [206, 842]]","[[35, 17], [16, 59]]"
10,6,0.8713487386703491,0.46942734718322754,0.6824058459808882,0.7401574803149606,0.9565217391304348,0.5866666666666667,"[[637, 94], [471, 577]]","[[50, 2], [31, 44]]"
10,7,0.7771914601325989,0.5528724789619446,0.6346261944912872,0.6614173228346457,1.0,0.4266666666666667,"[[697, 34], [616, 432]]","[[52, 0], [43, 32]]"
10,8,0.8157809972763062,0.5492298007011414,0.6464305789769533,0.6535433070866141,0.9696969696969697,0.4266666666666667,"[[695, 36], [593, 455]]","[[51, 1], [43, 32]]"
10,9,0.825551450252533,0.4787420332431793,0.684654300168634,0.7322834645669292,0.9555555555555556,0.5733333333333334,"[[673, 58], [503, 545]]","[[50, 2], [32, 43]]"
10,10,0.765336811542511,0.4216153621673584,0.7549184935356942,0.7952755905511811,0.9298245614035088,0.7066666666666667,"[[611, 120], [316, 732]]","[[48, 4], [22, 53]]"
10,11,0.7399280071258545,0.409951776266098,0.7863968521641371,0.8188976377952756,0.8939393939393939,0.7866666666666666,"[[557, 174], [206, 842]]","[[45, 7], [16, 59]]"
10,12,0.8786681890487671,0.40179911255836487,0.7903316469926925,0.8110236220472441,0.8695652173913043,0.8,"[[558, 173], [200, 848]]","[[43, 9], [15, 60]]"
10,13,0.7226327657699585,0.3960943818092346,0.7925801011804384,0.8110236220472441,0.9047619047619048,0.76,"[[584, 147], [222, 826]]","[[46, 6], [18, 57]]"
10,14,0.7070441842079163,0.39638713002204895,0.7790893760539629,0.7952755905511811,0.9152542372881356,0.72,"[[603, 128], [265, 783]]","[[47, 5], [21, 54]]"
10,15,0.7043381333351135,0.3965446650981903,0.774592467678471,0.8110236220472441,0.9322033898305084,0.7333333333333333,"[[625, 106], [295, 753]]","[[48, 4], [20, 55]]"
10,16,0.7809337377548218,0.3858810067176819,0.7863968521641371,0.8267716535433071,0.9344262295081968,0.76,"[[610, 121], [259, 789]]","[[48, 4], [18, 57]]"
10,17,0.687505841255188,0.3818405866622925,0.792017987633502,0.8267716535433071,0.9344262295081968,0.76,"[[611, 120], [250, 798]]","[[48, 4], [18, 57]]"
10,18,0.6708976030349731,0.37908199429512024,0.7970770095559303,0.8188976377952756,0.9193548387096774,0.76,"[[616, 115], [246, 802]]","[[47, 5], [18, 57]]"
10,19,0.6703832149505615,0.3761588931083679,0.8015739179314222,0.8267716535433071,0.9206349206349206,0.7733333333333333,"[[608, 123], [230, 818]]","[[47, 5], [17, 58]]"
10,20,0.6623610258102417,0.3759450912475586,0.806070826306914,0.8346456692913385,0.9090909090909091,0.8,"[[614, 117], [228, 820]]","[[46, 6], [15, 60]]"
10,21,0.6457273364067078,0.37785398960113525,0.8026981450252951,0.84251968503937,0.9230769230769231,0.8,"[[623, 108], [243, 805]]","[[47, 5], [15, 60]]"
10,22,0.6430739164352417,0.37689435482025146,0.8055087127599775,0.84251968503937,0.9230769230769231,0.8,"[[625, 106], [240, 808]]","[[47, 5], [15, 60]]"
10,23,0.6284966468811035,0.375033438205719,0.8100056211354694,0.84251968503937,0.9230769230769231,0.8,"[[626, 105], [233, 815]]","[[47, 5], [15, 60]]"
10,24,0.6264253854751587,0.37169915437698364,0.8043844856661045,0.8503937007874016,0.9242424242424242,0.8133333333333334,"[[615, 116], [232, 816]]","[[47, 5], [14, 61]]"
10,25,0.6234205961227417,0.36728334426879883,0.8088813940415964,0.84251968503937,0.9104477611940298,0.8133333333333334,"[[614, 117], [223, 825]]","[[46, 6], [14, 61]]"
10,26,0.629334032535553,0.3636643588542938,0.8161888701517707,0.8503937007874016,0.9,0.84,"[[620, 111], [216, 832]]","[[45, 7], [12, 63]]"
10,27,0.6093670129776001,0.3610129952430725,0.8145025295109612,0.8503937007874016,0.9117647058823529,0.8266666666666667,"[[624, 107], [223, 825]]","[[46, 6], [13, 62]]"
10,28,0.5957125425338745,0.3585963845252991,0.8167509836987071,0.84251968503937,0.9104477611940298,0.8133333333333334,"[[631, 100], [226, 822]]","[[46, 6], [14, 61]]"
10,29,0.5999048352241516,0.3546006381511688,0.8173130972456436,0.84251968503937,0.9104477611940298,0.8133333333333334,"[[626, 105], [220, 828]]","[[46, 6], [14, 61]]"
10,30,0.5914629697799683,0.35041695833206177,0.8206857785272625,0.8582677165354331,0.9253731343283582,0.8266666666666667,"[[624, 107], [212, 836]]","[[47, 5], [13, 62]]"
10,31,0.593265175819397,0.34686338901519775,0.8229342327150084,0.8661417322834646,0.9264705882352942,0.84,"[[629, 102], [213, 835]]","[[47, 5], [12, 63]]"
10,32,0.5823187828063965,0.34764206409454346,0.8229342327150084,0.8661417322834646,0.9264705882352942,0.84,"[[646, 85], [230, 818]]","[[47, 5], [12, 63]]"
10,33,0.5861926078796387,0.35223594307899475,0.8201236649803261,0.8661417322834646,0.9393939393939394,0.8266666666666667,"[[660, 71], [249, 799]]","[[48, 4], [13, 62]]"
10,34,0.5787312984466553,0.3525386154651642,0.8167509836987071,0.8740157480314961,0.9538461538461539,0.8266666666666667,"[[667, 64], [262, 786]]","[[49, 3], [13, 62]]"
10,35,0.5655330419540405,0.3431355655193329,0.8285553681843733,0.8582677165354331,0.9253731343283582,0.8266666666666667,"[[660, 71], [234, 814]]","[[47, 5], [13, 62]]"
10,36,0.5614248514175415,0.3308914601802826,0.8420460933108488,0.889763779527559,0.9295774647887324,0.88,"[[638, 93], [188, 860]]","[[47, 5], [9, 66]]"
10,37,0.555901050567627,0.32837095856666565,0.8459808881394042,0.8818897637795275,0.9166666666666666,0.88,"[[625, 106], [168, 880]]","[[46, 6], [9, 66]]"
10,38,0.5540369749069214,0.3316749930381775,0.8442945474985947,0.8740157480314961,0.9154929577464789,0.8666666666666667,"[[633, 98], [179, 869]]","[[46, 6], [10, 65]]"
10,39,0.5430244207382202,0.3409298360347748,0.8409218662169758,0.8740157480314961,0.927536231884058,0.8533333333333334,"[[655, 76], [207, 841]]","[[47, 5], [11, 64]]"
10,40,0.5445386171340942,0.35318219661712646,0.8341765036537381,0.8346456692913385,0.921875,0.7866666666666666,"[[671, 60], [235, 813]]","[[47, 5], [16, 59]]"
10,41,0.5385987162590027,0.3605142831802368,0.8319280494659921,0.8188976377952756,0.9333333333333333,0.7466666666666667,"[[672, 59], [240, 808]]","[[48, 4], [19, 56]]"
10,42,0.5526821613311768,0.35340994596481323,0.8454187745924677,0.8740157480314961,0.9154929577464789,0.8666666666666667,"[[653, 78], [197, 851]]","[[46, 6], [10, 65]]"
10,43,0.5346851348876953,0.35013309121131897,0.852726250702642,0.8661417322834646,0.9027777777777778,0.8666666666666667,"[[642, 89], [173, 875]]","[[45, 7], [10, 65]]"
10,44,0.5288791060447693,0.34916311502456665,0.8544125913434514,0.8661417322834646,0.9027777777777778,0.8666666666666667,"[[642, 89], [170, 878]]","[[45, 7], [10, 65]]"
10,45,0.5283599495887756,0.34848353266716003,0.852726250702642,0.8661417322834646,0.9027777777777778,0.8666666666666667,"[[646, 85], [177, 871]]","[[45, 7], [10, 65]]"
11,0,1.2666029930114746,1.8283478021621704,0.5890949971894323,0.5905511811023622,0.5905511811023622,1.0,"[[1, 730], [1, 1047]]","[[0, 52], [0, 75]]"
11,1,1.9826079607009888,1.4663159847259521,0.5879707700955593,0.5905511811023622,0.5905511811023622,1.0,"[[1, 730], [3, 1045]]","[[0, 52], [0, 75]]"
11,2,1.7027734518051147,0.8439484238624573,0.6430578976953345,0.6299212598425197,0.6428571428571429,0.84,"[[193, 538], [97, 951]]","[[17, 35], [12, 63]]"
11,3,1.1591533422470093,0.6336758136749268,0.5947161326587971,0.5984251968503937,0.875,0.37333333333333335,"[[598, 133], [588, 460]]","[[48, 4], [47, 28]]"
11,4,0.9008409380912781,0.7130960822105408,0.5154581225407532,0.5118110236220472,0.9333333333333333,0.18666666666666668,"[[703, 28], [834, 214]]","[[51, 1], [61, 14]]"
11,5,0.985226571559906,0.6511894464492798,0.5744800449690838,0.5669291338582677,0.9166666666666666,0.29333333333333333,"[[686, 45], [712, 336]]","[[50, 2], [53, 22]]"
11,6,0.9283520579338074,0.5599148273468018,0.6689151208544126,0.6535433070866141,0.8604651162790697,0.49333333333333335,"[[602, 129], [460, 588]]","[[46, 6], [38, 37]]"
11,7,0.8344739675521851,0.5535027384757996,0.7228780213603148,0.7480314960629921,0.7792207792207793,0.8,"[[443, 288], [205, 843]]","[[35, 17], [15, 60]]"
11,8,0.8140237927436829,0.5627443790435791,0.7279370432827431,0.7244094488188977,0.7380952380952381,0.8266666666666667,"[[369, 362], [122, 926]]","[[30, 22], [13, 62]]"
11,9,0.8444788455963135,0.5289058089256287,0.7408656548622822,0.7795275590551181,0.8133333333333334,0.8133333333333334,"[[424, 307], [154, 894]]","[[38, 14], [14, 61]]"
11,10,0.893402636051178,0.48917949199676514,0.7622259696458684,0.7244094488188977,0.8125,0.6933333333333334,"[[535, 196], [227, 821]]","[[40, 12], [23, 52]]"
11,11,0.7650027275085449,0.4890720844268799,0.7532321528948848,0.7165354330708661,0.8545454545454545,0.6266666666666667,"[[629, 102], [337, 711]]","[[44, 8], [28, 47]]"
11,12,0.7673753499984741,0.49336543679237366,0.7419898819561551,0.7322834645669292,0.8867924528301887,0.6266666666666667,"[[655, 76], [383, 665]]","[[46, 6], [28, 47]]"
11,13,0.7746926546096802,0.47487005591392517,0.7549184935356942,0.7244094488188977,0.8703703703703703,0.6266666666666667,"[[634, 97], [339, 709]]","[[45, 7], [28, 47]]"
11,14,0.7251116037368774,0.4529629945755005,0.7729061270376616,0.7244094488188977,0.8571428571428571,0.64,"[[619, 112], [292, 756]]","[[44, 8], [27, 48]]"
11,15,0.7054854035377502,0.4402206242084503,0.7880831928049467,0.7480314960629921,0.8524590163934426,0.6933333333333334,"[[592, 139], [238, 810]]","[[43, 9], [23, 52]]"
11,16,0.6967634558677673,0.43614235520362854,0.7914558740865655,0.7401574803149606,0.828125,0.7066666666666667,"[[581, 150], [221, 827]]","[[41, 11], [22, 53]]"
11,17,0.7076306343078613,0.4341682493686676,0.792017987633502,0.7480314960629921,0.8412698412698413,0.7066666666666667,"[[583, 148], [222, 826]]","[[42, 10], [22, 53]]"
11,18,0.691061794757843,0.43288251757621765,0.7953906689151209,0.7480314960629921,0.8412698412698413,0.7066666666666667,"[[587, 144], [220, 828]]","[[42, 10], [22, 53]]"
12,0,1.0653207302093506,1.6212480068206787,0.40978077571669475,0.4094488188976378,0.0,0.0,"[[729, 2], [1048, 0]]","[[52, 0], [75, 0]]"
12,1,1.9031481742858887,1.0073968172073364,0.4131534569983137,0.4094488188976378,0.0,0.0,"[[729, 2], [1042, 6]]","[[52, 0], [75, 0]]"
12,2,1.3396917581558228,0.6800904870033264,0.6441821247892074,0.6062992125984252,0.7272727272727273,0.5333333333333333,"[[539, 192], [441, 607]]","[[37, 15], [35, 40]]"
12,3,0.9218915700912476,0.6690641045570374,0.7166947723440135,0.6456692913385826,0.6973684210526315,0.7066666666666667,"[[464, 267], [237, 811]]","[[29, 23], [22, 53]]"
12,4,0.8572733998298645,0.6043542623519897,0.7223159078133783,0.6456692913385826,0.7586206896551724,0.5866666666666667,"[[582, 149], [345, 703]]","[[38, 14], [31, 44]]"
12,5,0.820311427116394,0.5855783820152283,0.7155705452501405,0.6456692913385826,0.8409090909090909,0.49333333333333335,"[[662, 69], [437, 611]]","[[45, 7], [38, 37]]"
12,6,0.8040347099304199,0.5562143325805664,0.7549184935356942,0.7086614173228346,0.8166666666666667,0.6533333333333333,"[[603, 128], [308, 740]]","[[41, 11], [26, 49]]"
12,7,0.7685559988021851,0.5475037693977356,0.7639123102866779,0.7007874015748031,0.7681159420289855,0.7066666666666667,"[[532, 199], [221, 827]]","[[36, 16], [22, 53]]"
12,8,0.773287296295166,0.5269773006439209,0.7655986509274874,0.7244094488188977,0.803030303030303,0.7066666666666667,"[[562, 169], [248, 800]]","[[39, 13], [22, 53]]"
12,9,0.7490742206573486,0.5145413279533386,0.7684092186621697,0.6929133858267716,0.7903225806451613,0.6533333333333333,"[[630, 101], [311, 737]]","[[39, 13], [26, 49]]"
12,10,0.7347065806388855,0.5059356093406677,0.7712197863968522,0.6929133858267716,0.8,0.64,"[[634, 97], [310, 738]]","[[40, 12], [27, 48]]"
12,11,0.7209670543670654,0.5043272376060486,0.7863968521641371,0.7401574803149606,0.8088235294117647,0.7333333333333333,"[[608, 123], [257, 791]]","[[39, 13], [20, 55]]"
12,12,0.7084435820579529,0.5141390562057495,0.7880831928049467,0.7559055118110236,0.8055555555555556,0.7733333333333333,"[[573, 158], [219, 829]]","[[38, 14], [17, 58]]"
12,13,0.7004655003547668,0.5133385062217712,0.7982012366498032,0.7480314960629921,0.8028169014084507,0.76,"[[580, 151], [208, 840]]","[[38, 14], [18, 57]]"
12,14,0.6902378797531128,0.503423273563385,0.7987633501967397,0.7637795275590551,0.8260869565217391,0.76,"[[593, 138], [220, 828]]","[[40, 12], [18, 57]]"
12,15,0.6743546724319458,0.4944690763950348,0.7937043282743114,0.7637795275590551,0.835820895522388,0.7466666666666667,"[[609, 122], [245, 803]]","[[41, 11], [19, 56]]"
12,16,0.6736436486244202,0.48563483357429504,0.790893760539629,0.7637795275590551,0.8688524590163934,0.7066666666666667,"[[632, 99], [273, 775]]","[[44, 8], [22, 53]]"
12,17,0.6645500063896179,0.4795970022678375,0.7953906689151209,0.7637795275590551,0.8688524590163934,0.7066666666666667,"[[635, 96], [268, 780]]","[[44, 8], [22, 53]]"
12,18,0.6437438726425171,0.4744013249874115,0.7959527824620574,0.7795275590551181,0.873015873015873,0.7333333333333333,"[[632, 99], [264, 784]]","[[44, 8], [20, 55]]"
12,19,0.6458572149276733,0.47122225165367126,0.80831928049466,0.7795275590551181,0.8615384615384616,0.7466666666666667,"[[620, 111], [230, 818]]","[[43, 9], [19, 56]]"
12,20,0.6384111642837524,0.4731813967227936,0.8105677346824058,0.7716535433070866,0.8194444444444444,0.7866666666666666,"[[582, 149], [188, 860]]","[[39, 13], [16, 59]]"
12,21,0.6456741690635681,0.4716593325138092,0.8139404159640248,0.7716535433070866,0.8194444444444444,0.7866666666666666,"[[570, 161], [170, 878]]","[[39, 13], [16, 59]]"
12,22,0.6348088979721069,0.4602244794368744,0.8201236649803261,0.7874015748031497,0.8428571428571429,0.7866666666666666,"[[603, 128], [192, 856]]","[[41, 11], [16, 59]]"
12,23,0.618940532207489,0.4525214433670044,0.8156267566048342,0.7874015748031497,0.8636363636363636,0.76,"[[636, 95], [233, 815]]","[[43, 9], [18, 57]]"
12,24,0.6095736026763916,0.45020270347595215,0.8111298482293423,0.7559055118110236,0.8548387096774194,0.7066666666666667,"[[656, 75], [261, 787]]","[[43, 9], [22, 53]]"
12,25,0.6102492809295654,0.4479707181453705,0.8139404159640248,0.7401574803149606,0.8387096774193549,0.6933333333333334,"[[658, 73], [258, 790]]","[[42, 10], [23, 52]]"
12,26,0.6048528552055359,0.44422122836112976,0.8161888701517707,0.7637795275590551,0.8461538461538461,0.7333333333333333,"[[641, 90], [237, 811]]","[[42, 10], [20, 55]]"
12,27,0.5975350141525269,0.4447283446788788,0.822372119168072,0.7795275590551181,0.8309859154929577,0.7866666666666666,"[[624, 107], [209, 839]]","[[40, 12], [16, 59]]"
12,28,0.5924092531204224,0.44524529576301575,0.8285553681843733,0.7795275590551181,0.8309859154929577,0.7866666666666666,"[[619, 112], [193, 855]]","[[40, 12], [16, 59]]"
12,29,0.5870696306228638,0.44354456663131714,0.8279932546374368,0.7795275590551181,0.8309859154929577,0.7866666666666666,"[[623, 108], [198, 850]]","[[40, 12], [16, 59]]"
12,30,0.5832370519638062,0.44200268387794495,0.822372119168072,0.7716535433070866,0.8285714285714286,0.7733333333333333,"[[630, 101], [215, 833]]","[[40, 12], [17, 58]]"
12,31,0.5764131546020508,0.44149529933929443,0.8195615514333895,0.7637795275590551,0.8461538461538461,0.7333333333333333,"[[647, 84], [237, 811]]","[[42, 10], [20, 55]]"
13,0,1.0436170101165771,2.233886241912842,0.4114671163575042,0.4094488188976378,0.0,0.0,"[[731, 0], [1047, 1]]","[[52, 0], [75, 0]]"
13,1,2.10280442237854,1.668090581893921,0.4131534569983137,0.4094488188976378,0.0,0.0,"[[731, 0], [1044, 4]]","[[52, 0], [75, 0]]"
13,2,1.6167148351669312,0.7749240398406982,0.5042158516020236,0.44881889763779526,0.7272727272727273,0.10666666666666667,"[[707, 24], [858, 190]]","[[49, 3], [67, 8]]"
13,3,1.0039377212524414,0.8624917268753052,0.6368746486790332,0.6141732283464567,0.6511627906976745,0.7466666666666667,"[[302, 429], [217, 831]]","[[22, 30], [19, 56]]"
13,4,1.159010410308838,0.9427796006202698,0.6548622821810005,0.6614173228346457,0.6666666666666666,0.8533333333333334,"[[233, 498], [116, 932]]","[[20, 32], [11, 64]]"
13,5,1.2315073013305664,0.7993870973587036,0.6750983698707139,0.6456692913385826,0.6744186046511628,0.7733333333333333,"[[328, 403], [175, 873]]","[[24, 28], [17, 58]]"
13,6,0.9868242144584656,0.6409244537353516,0.7110736368746486,0.6929133858267716,0.7571428571428571,0.7066666666666667,"[[568, 163], [351, 697]]","[[35, 17], [22, 53]]"
13,7,0.8833252191543579,0.6022016406059265,0.6520517144463182,0.6456692913385826,0.875,0.4666666666666667,"[[674, 57], [562, 486]]","[[47, 5], [40, 35]]"
13,8,0.7932809591293335,0.64417964220047,0.6267566048341765,0.5905511811023622,0.896551724137931,0.3466666666666667,"[[707, 24], [640, 408]]","[[49, 3], [49, 26]]"
13,9,0.8445143103599548,0.62766432762146,0.654300168634064,0.6220472440944882,0.9090909090909091,0.4,"[[708, 23], [592, 456]]","[[49, 3], [45, 30]]"
13,10,0.8802953958511353,0.5698579549789429,0.718381112984823,0.6771653543307087,0.8863636363636364,0.52,"[[676, 55], [446, 602]]","[[47, 5], [36, 39]]"
13,11,0.7626315951347351,0.5293065905570984,0.7661607644744238,0.6771653543307087,0.765625,0.6533333333333333,"[[605, 126], [290, 758]]","[[37, 15], [26, 49]]"
13,12,0.7413603067398071,0.540137767791748,0.7684092186621697,0.7165354330708661,0.7407407407407407,0.8,"[[501, 230], [182, 866]]","[[31, 21], [15, 60]]"
13,13,0.7294521331787109,0.5730130672454834,0.7667228780213603,0.7165354330708661,0.7191011235955056,0.8533333333333334,"[[450, 281], [134, 914]]","[[27, 25], [11, 64]]"
13,14,0.7856062650680542,0.5687831044197083,0.7762788083192805,0.7007874015748031,0.7126436781609196,0.8266666666666667,"[[462, 269], [129, 919]]","[[27, 25], [13, 62]]"
13,15,0.7377337217330933,0.5399232506752014,0.7925801011804384,0.7165354330708661,0.7407407407407407,0.8,"[[536, 195], [174, 874]]","[[31, 21], [15, 60]]"
13,16,0.719848096370697,0.5216590762138367,0.7824620573355818,0.7165354330708661,0.7910447761194029,0.7066666666666667,"[[606, 125], [262, 786]]","[[38, 14], [22, 53]]"
13,17,0.6763750910758972,0.534217119216919,0.7667228780213603,0.7480314960629921,0.8771929824561403,0.6666666666666666,"[[658, 73], [342, 706]]","[[45, 7], [25, 50]]"
13,18,0.6966760754585266,0.5513432621955872,0.7543563799887577,0.7322834645669292,0.8727272727272727,0.64,"[[678, 53], [384, 664]]","[[45, 7], [27, 48]]"
13,19,0.6802791357040405,0.5552465319633484,0.7549184935356942,0.7322834645669292,0.8727272727272727,0.64,"[[679, 52], [384, 664]]","[[45, 7], [27, 48]]"
13,20,0.6835503578186035,0.542195200920105,0.7717818999437887,0.7322834645669292,0.8596491228070176,0.6533333333333333,"[[663, 68], [338, 710]]","[[44, 8], [26, 49]]"
13,21,0.6634334921836853,0.5283081531524658,0.7970770095559303,0.7322834645669292,0.8360655737704918,0.68,"[[639, 92], [269, 779]]","[[42, 10], [24, 51]]"
13,22,0.6429808735847473,0.5253796577453613,0.8088813940415964,0.7401574803149606,0.8088235294117647,0.7333333333333333,"[[617, 114], [226, 822]]","[[39, 13], [20, 55]]"
13,23,0.6360068917274475,0.5289309024810791,0.8156267566048342,0.7322834645669292,0.7733333333333333,0.7733333333333333,"[[592, 139], [189, 859]]","[[35, 17], [17, 58]]"
13,24,0.6374434232711792,0.5299789905548096,0.8173130972456436,0.7401574803149606,0.7763157894736842,0.7866666666666666,"[[588, 143], [182, 866]]","[[35, 17], [16, 59]]"
13,25,0.6397324204444885,0.528714656829834,0.8178752107925801,0.7401574803149606,0.7763157894736842,0.7866666666666666,"[[588, 143], [181, 867]]","[[35, 17], [16, 59]]"
13,26,0.6364984512329102,0.5255472660064697,0.8167509836987071,0.7480314960629921,0.7866666666666666,0.7866666666666666,"[[596, 135], [191, 857]]","[[36, 16], [16, 59]]"
14,0,1.4425005912780762,1.5970536470413208,0.4176503653738055,0.4330708661417323,1.0,0.02702702702702703,"[[721, 9], [1027, 22]]","[[53, 0], [72, 2]]"
14,1,1.6621804237365723,1.3157292604446411,0.42158516020236086,0.4330708661417323,1.0,0.02702702702702703,"[[725, 5], [1024, 25]]","[[53, 0], [72, 2]]"
14,2,1.3845055103302002,0.7262844443321228,0.5267003934794828,0.5275590551181102,0.7692307692307693,0.2702702702702703,"[[653, 77], [765, 284]]","[[47, 6], [54, 20]]"
14,3,1.010540246963501,0.7209917902946472,0.6447442383361439,0.6456692913385826,0.6260869565217392,0.972972972972973,"[[137, 593], [39, 1010]]","[[10, 43], [2, 72]]"
14,4,0.9735884666442871,0.7908064723014832,0.6391231028667791,0.6377952755905512,0.6186440677966102,0.9864864864864865,"[[105, 625], [17, 1032]]","[[8, 45], [1, 73]]"
14,5,1.043519377708435,0.6706889867782593,0.7116357504215851,0.7086614173228346,0.6831683168316832,0.9324324324324325,"[[289, 441], [72, 977]]","[[21, 32], [5, 69]]"
14,6,0.9088424444198608,0.5482391715049744,0.7358066329398538,0.7165354330708661,0.7794117647058824,0.7162162162162162,"[[538, 192], [278, 771]]","[[38, 15], [21, 53]]"
14,7,0.8380728960037231,0.5775974988937378,0.657672849915683,0.6220472440944882,0.8421052631578947,0.43243243243243246,"[[683, 47], [562, 487]]","[[47, 6], [42, 32]]"
14,8,0.8200761079788208,0.6161336898803711,0.6233839235525576,0.6141732283464567,0.9629629629629629,0.35135135135135137,"[[694, 36], [634, 415]]","[[52, 1], [48, 26]]"
14,9,0.8685299158096313,0.5784645080566406,0.65654862282181,0.6614173228346457,0.9428571428571428,0.44594594594594594,"[[689, 41], [570, 479]]","[[51, 2], [41, 33]]"
14,10,0.7988320589065552,0.5126110315322876,0.7335581787521079,0.7165354330708661,0.8392857142857143,0.6351351351351351,"[[651, 79], [395, 654]]","[[44, 9], [27, 47]]"
14,11,0.7607117891311646,0.4934205710887909,0.7785272625070264,0.7716535433070866,0.8260869565217391,0.7702702702702703,"[[585, 145], [249, 800]]","[[41, 12], [17, 57]]"
14,12,0.7355551719665527,0.5049924254417419,0.7886453063518831,0.7559055118110236,0.7721518987341772,0.8243243243243243,"[[536, 194], [182, 867]]","[[35, 18], [13, 61]]"
14,13,0.7464497685432434,0.5048782229423523,0.7880831928049467,0.7637795275590551,0.775,0.8378378378378378,"[[541, 189], [188, 861]]","[[35, 18], [12, 62]]"
14,14,0.7078118324279785,0.49884533882141113,0.7863968521641371,0.7559055118110236,0.8028169014084507,0.7702702702702703,"[[574, 156], [224, 825]]","[[39, 14], [17, 57]]"
14,15,0.6921173334121704,0.49855807423591614,0.7875210792580101,0.7716535433070866,0.835820895522388,0.7567567567567568,"[[601, 129], [249, 800]]","[[42, 11], [18, 56]]"
14,16,0.7138707637786865,0.5083040595054626,0.7807757166947723,0.7480314960629921,0.8387096774193549,0.7027027027027027,"[[626, 104], [286, 763]]","[[43, 10], [22, 52]]"
14,17,0.6778402924537659,0.524569571018219,0.7672849915682968,0.7401574803149606,0.8727272727272727,0.6486486486486487,"[[651, 79], [335, 714]]","[[46, 7], [26, 48]]"
14,18,0.6943995952606201,0.5240912437438965,0.7684092186621697,0.7401574803149606,0.8727272727272727,0.6486486486486487,"[[652, 78], [334, 715]]","[[46, 7], [26, 48]]"
14,19,0.6858505010604858,0.5193575620651245,0.7689713322091062,0.7322834645669292,0.8448275862068966,0.6621621621621622,"[[647, 83], [328, 721]]","[[44, 9], [25, 49]]"
14,20,0.6557011604309082,0.5133154392242432,0.7802136031478358,0.7401574803149606,0.847457627118644,0.6756756756756757,"[[640, 90], [301, 748]]","[[44, 9], [24, 50]]"
15,0,1.0943222045898438,1.6560239791870117,0.5919055649241147,0.5826771653543307,0.5826771653543307,1.0,"[[5, 725], [1, 1048]]","[[0, 53], [0, 74]]"
15,1,2.074204444885254,1.0721246004104614,0.6115795390668916,0.6377952755905512,0.6228070175438597,0.9594594594594594,"[[101, 629], [62, 987]]","[[10, 43], [3, 71]]"
15,2,1.484797477722168,0.6309714317321777,0.6492411467116358,0.7401574803149606,0.8360655737704918,0.6891891891891891,"[[517, 213], [411, 638]]","[[43, 10], [23, 51]]"
15,3,0.8946393728256226,0.8841529488563538,0.44013490725126475,0.48031496062992124,1.0,0.10810810810810811,"[[729, 1], [995, 54]]","[[53, 0], [66, 8]]"
15,4,1.052598476409912,1.0033334493637085,0.42214727374929734,0.4330708661417323,1.0,0.02702702702702703,"[[730, 0], [1028, 21]]","[[53, 0], [72, 2]]"
15,5,1.2665683031082153,0.7764562368392944,0.4654300168634064,0.5039370078740157,1.0,0.14864864864864866,"[[730, 0], [951, 98]]","[[53, 0], [63, 11]]"
15,6,1.0066624879837036,0.5549774765968323,0.6104553119730185,0.6535433070866141,0.9166666666666666,0.44594594594594594,"[[690, 40], [653, 396]]","[[50, 3], [41, 33]]"
15,7,0.8627251386642456,0.524665355682373,0.7284991568296796,0.7874015748031497,0.8507462686567164,0.7702702702702703,"[[514, 216], [267, 782]]","[[43, 10], [17, 57]]"
15,8,0.8248385190963745,0.5602847337722778,0.746486790331647,0.7559055118110236,0.7471264367816092,0.8783783783783784,"[[419, 311], [140, 909]]","[[31, 22], [9, 65]]"
15,9,0.8388402462005615,0.549370288848877,0.7549184935356942,0.7401574803149606,0.7411764705882353,0.8513513513513513,"[[427, 303], [133, 916]]","[[31, 22], [11, 63]]"
15,10,0.8447768092155457,0.5054011344909668,0.7740303541315345,0.7795275590551181,0.7948717948717948,0.8378378378378378,"[[512, 218], [184, 865]]","[[37, 16], [12, 62]]"
15,11,0.7722548842430115,0.4791030287742615,0.7526700393479483,0.7716535433070866,0.835820895522388,0.7567567567567568,"[[599, 131], [309, 740]]","[[42, 11], [18, 56]]"
15,12,0.7362435460090637,0.4935860335826874,0.7228780213603148,0.7322834645669292,0.9166666666666666,0.5945945945945946,"[[656, 74], [419, 630]]","[[49, 4], [30, 44]]"
15,13,0.7821107506752014,0.49662742018699646,0.7206295671725689,0.7322834645669292,0.9166666666666666,0.5945945945945946,"[[671, 59], [438, 611]]","[[49, 4], [30, 44]]"
15,14,0.7338342666625977,0.4906049370765686,0.7262507026419337,0.7322834645669292,0.9,0.6081081081081081,"[[667, 63], [424, 625]]","[[48, 5], [29, 45]]"
15,15,0.776946485042572,0.4747743606567383,0.7431141090500281,0.7637795275590551,0.9074074074074074,0.6621621621621622,"[[651, 79], [378, 671]]","[[48, 5], [25, 49]]"
15,16,0.7353483438491821,0.46120086312294006,0.7650365373805509,0.7795275590551181,0.8709677419354839,0.7297297297297297,"[[635, 95], [323, 726]]","[[45, 8], [20, 54]]"
