Fold,Epoch,Loss,Train_Acc,Test_Acc,Precision,Recall,Train_CM,Test_CM
1,0,1.1265082359313965,0.5905511811023622,0.5859375,0.5859375,1.0,"[[3, 727], [1, 1047]]","[[0, 53], [0, 75]]"
1,1,2.0497775077819824,0.593363329583802,0.5859375,0.5859375,1.0,"[[10, 720], [3, 1045]]","[[0, 53], [0, 75]]"
1,2,1.6714967489242554,0.6462317210348706,0.5859375,0.6037735849056604,0.8533333333333334,"[[193, 537], [92, 956]]","[[11, 42], [11, 64]]"
1,3,1.1314493417739868,0.6231721034870641,0.5546875,0.6875,0.44,"[[619, 111], [559, 489]]","[[38, 15], [42, 33]]"
1,4,0.8860965967178345,0.562429696287964,0.578125,0.8888888888888888,0.32,"[[695, 35], [743, 305]]","[[50, 3], [51, 24]]"
1,5,0.891653299331665,0.6304836895388076,0.546875,0.7428571428571429,0.3466666666666667,"[[684, 46], [611, 437]]","[[44, 9], [49, 26]]"
1,6,0.8438225984573364,0.7424071991001124,0.6484375,0.7678571428571429,0.5733333333333334,"[[607, 123], [335, 713]]","[[40, 13], [32, 43]]"
1,7,0.7952997088432312,0.7868391451068616,0.6640625,0.7162162162162162,0.7066666666666667,"[[545, 185], [194, 854]]","[[32, 21], [22, 53]]"
1,8,0.7785041928291321,0.78177727784027,0.65625,0.7012987012987013,0.72,"[[520, 210], [178, 870]]","[[30, 23], [21, 54]]"
1,9,0.7605904340744019,0.7907761529808774,0.671875,0.726027397260274,0.7066666666666667,"[[561, 169], [203, 845]]","[[33, 20], [22, 53]]"
1,10,0.7429922819137573,0.781214848143982,0.7109375,0.8064516129032258,0.6666666666666666,"[[613, 117], [272, 776]]","[[41, 12], [25, 50]]"
1,11,0.7082793712615967,0.7710911136107986,0.7109375,0.8653846153846154,0.6,"[[646, 84], [323, 725]]","[[46, 7], [30, 45]]"
1,12,0.7163368463516235,0.7727784026996626,0.71875,0.8823529411764706,0.6,"[[647, 83], [321, 727]]","[[47, 6], [30, 45]]"
1,13,0.7029955983161926,0.781214848143982,0.71875,0.8545454545454545,0.6266666666666667,"[[634, 96], [293, 755]]","[[45, 8], [28, 47]]"
1,14,0.6835877299308777,0.7924634420697413,0.7109375,0.8064516129032258,0.6666666666666666,"[[614, 116], [253, 795]]","[[41, 12], [25, 50]]"
1,15,0.66472989320755,0.8008998875140607,0.7421875,0.8181818181818182,0.72,"[[592, 138], [216, 832]]","[[41, 12], [21, 54]]"
1,16,0.664722740650177,0.8037120359955006,0.765625,0.8260869565217391,0.76,"[[584, 146], [203, 845]]","[[41, 12], [18, 57]]"
1,17,0.6553652882575989,0.8048368953880765,0.75,0.8307692307692308,0.72,"[[598, 132], [215, 833]]","[[42, 11], [21, 54]]"
1,18,0.6566513180732727,0.8087739032620922,0.7421875,0.85,0.68,"[[630, 100], [240, 808]]","[[44, 9], [24, 51]]"
1,19,0.6312604546546936,0.8031496062992126,0.71875,0.8545454545454545,0.6266666666666667,"[[651, 79], [271, 777]]","[[45, 8], [28, 47]]"
1,20,0.6244133114814758,0.7896512935883014,0.7109375,0.8518518518518519,0.6133333333333333,"[[662, 68], [306, 742]]","[[45, 8], [29, 46]]"
1,21,0.6432420015335083,0.7941507311586051,0.71875,0.8545454545454545,0.6266666666666667,"[[661, 69], [297, 751]]","[[45, 8], [28, 47]]"
1,22,0.6270506381988525,0.8070866141732284,0.7578125,0.8666666666666667,0.6933333333333334,"[[649, 81], [262, 786]]","[[45, 8], [23, 52]]"
1,23,0.6142919063568115,0.8155230596175478,0.7578125,0.84375,0.72,"[[642, 88], [240, 808]]","[[43, 10], [21, 54]]"
1,24,0.6021515130996704,0.8200224971878515,0.765625,0.835820895522388,0.7466666666666667,"[[631, 99], [221, 827]]","[[42, 11], [19, 56]]"
1,25,0.6090413331985474,0.8211473565804275,0.7734375,0.8382352941176471,0.76,"[[625, 105], [213, 835]]","[[42, 11], [18, 57]]"
1,26,0.59871906042099,0.8222722159730034,0.7734375,0.8382352941176471,0.76,"[[623, 107], [209, 839]]","[[42, 11], [18, 57]]"
1,27,0.6037313938140869,0.8239595050618672,0.7734375,0.8382352941176471,0.76,"[[622, 108], [205, 843]]","[[42, 11], [18, 57]]"
1,28,0.6053597331047058,0.8256467941507312,0.78125,0.8507462686567164,0.76,"[[627, 103], [207, 841]]","[[43, 10], [18, 57]]"
1,29,0.5984607934951782,0.8262092238470191,0.7890625,0.875,0.7466666666666667,"[[633, 97], [212, 836]]","[[45, 8], [19, 56]]"
1,30,0.5881671905517578,0.8239595050618672,0.78125,0.873015873015873,0.7333333333333333,"[[636, 94], [219, 829]]","[[45, 8], [20, 55]]"
1,31,0.582556962966919,0.8250843644544432,0.78125,0.873015873015873,0.7333333333333333,"[[640, 90], [221, 827]]","[[45, 8], [20, 55]]"
1,32,0.5773720741271973,0.8256467941507312,0.7734375,0.8709677419354839,0.72,"[[641, 89], [221, 827]]","[[45, 8], [21, 54]]"
1,33,0.5733729600906372,0.8278965129358831,0.7734375,0.8709677419354839,0.72,"[[644, 86], [220, 828]]","[[45, 8], [21, 54]]"
1,34,0.5746947526931763,0.8267716535433071,0.765625,0.8688524590163934,0.7066666666666667,"[[649, 81], [227, 821]]","[[45, 8], [22, 53]]"
1,35,0.5753304958343506,0.8250843644544432,0.765625,0.8688524590163934,0.7066666666666667,"[[649, 81], [230, 818]]","[[45, 8], [22, 53]]"
1,36,0.561553955078125,0.8278965129358831,0.765625,0.8688524590163934,0.7066666666666667,"[[650, 80], [226, 822]]","[[45, 8], [22, 53]]"
1,37,0.5714855790138245,0.8301462317210349,0.765625,0.8688524590163934,0.7066666666666667,"[[649, 81], [221, 827]]","[[45, 8], [22, 53]]"
1,38,0.5668479204177856,0.8346456692913385,0.765625,0.8688524590163934,0.7066666666666667,"[[647, 83], [211, 837]]","[[45, 8], [22, 53]]"
2,0,1.5608189105987549,0.5935919055649241,0.5748031496062992,0.584,0.9733333333333334,"[[8, 723], [0, 1048]]","[[0, 52], [2, 73]]"
2,1,1.4797966480255127,0.5919055649241147,0.5905511811023622,0.5934959349593496,0.9733333333333334,"[[13, 718], [8, 1040]]","[[2, 50], [2, 73]]"
2,2,1.2429478168487549,0.6357504215851602,0.6692913385826772,0.6486486486486487,0.96,"[[171, 560], [88, 960]]","[[13, 39], [3, 72]]"
2,3,0.919597864151001,0.4412591343451377,0.44881889763779526,0.8571428571428571,0.08,"[[721, 10], [984, 64]]","[[51, 1], [69, 6]]"
2,4,1.024011492729187,0.4255199550309162,0.41732283464566927,0.6666666666666666,0.02666666666666667,"[[729, 2], [1020, 28]]","[[51, 1], [73, 2]]"
2,5,1.1190708875656128,0.49971894322653176,0.5039370078740157,0.8333333333333334,0.2,"[[714, 17], [873, 175]]","[[49, 3], [60, 15]]"
2,6,1.0636310577392578,0.6458684654300169,0.6535433070866141,0.7924528301886793,0.56,"[[628, 103], [527, 521]]","[[41, 11], [33, 42]]"
2,7,0.8390494585037231,0.7206295671725689,0.7244094488188977,0.7631578947368421,0.7733333333333333,"[[508, 223], [274, 774]]","[[34, 18], [17, 58]]"
2,8,0.8155975937843323,0.7448004496908376,0.7559055118110236,0.7558139534883721,0.8666666666666667,"[[458, 273], [181, 867]]","[[31, 21], [10, 65]]"
2,9,0.784371018409729,0.760539629005059,0.7716535433070866,0.7674418604651163,0.88,"[[455, 276], [150, 898]]","[[32, 20], [9, 66]]"
2,10,0.7645587921142578,0.7762788083192805,0.7716535433070866,0.7875,0.84,"[[506, 225], [173, 875]]","[[35, 17], [12, 63]]"
2,11,0.7271730303764343,0.7830241708825183,0.7795275590551181,0.821917808219178,0.8,"[[559, 172], [214, 834]]","[[39, 13], [15, 60]]"
2,12,0.7147627472877502,0.7785272625070264,0.7559055118110236,0.8333333333333334,0.7333333333333333,"[[602, 129], [265, 783]]","[[41, 11], [20, 55]]"
2,13,0.7094283103942871,0.7774030354131535,0.7322834645669292,0.8253968253968254,0.6933333333333334,"[[614, 117], [279, 769]]","[[41, 11], [23, 52]]"
2,14,0.7013180255889893,0.7835862844294548,0.7401574803149606,0.8181818181818182,0.72,"[[609, 122], [263, 785]]","[[40, 12], [21, 54]]"
2,15,0.6856800317764282,0.790893760539629,0.7480314960629921,0.7866666666666666,0.7866666666666666,"[[575, 156], [216, 832]]","[[36, 16], [16, 59]]"
2,16,0.6714599132537842,0.8015739179314222,0.7559055118110236,0.775,0.8266666666666667,"[[557, 174], [179, 869]]","[[34, 18], [13, 62]]"
2,17,0.6683288812637329,0.8004496908375491,0.7795275590551181,0.7974683544303798,0.84,"[[543, 188], [167, 881]]","[[36, 16], [12, 63]]"
2,18,0.6638674736022949,0.7998875772906127,0.7716535433070866,0.7948717948717948,0.8266666666666667,"[[554, 177], [179, 869]]","[[36, 16], [13, 62]]"
2,19,0.6457756757736206,0.8055087127599775,0.7559055118110236,0.7972972972972973,0.7866666666666666,"[[574, 157], [189, 859]]","[[37, 15], [16, 59]]"
2,20,0.6422348022460938,0.80831928049466,0.7559055118110236,0.8235294117647058,0.7466666666666667,"[[601, 130], [211, 837]]","[[40, 12], [19, 56]]"
3,0,1.5875786542892456,0.5851602023608768,0.5826771653543307,0.5873015873015873,0.9866666666666667,"[[7, 724], [14, 1034]]","[[0, 52], [1, 74]]"
3,1,1.7120676040649414,0.5952782462057336,0.6062992125984252,0.6050420168067226,0.96,"[[57, 674], [46, 1002]]","[[5, 47], [3, 72]]"
3,2,1.3120466470718384,0.6486790331646992,0.6850393700787402,0.7536231884057971,0.6933333333333334,"[[488, 243], [382, 666]]","[[35, 17], [23, 52]]"
3,3,0.9319862127304077,0.43057897695334457,0.4330708661417323,0.8,0.05333333333333334,"[[731, 0], [1013, 35]]","[[51, 1], [71, 4]]"
3,4,1.0955700874328613,0.42270938729623386,0.4094488188976378,0.5,0.013333333333333334,"[[731, 0], [1027, 21]]","[[51, 1], [74, 1]]"
3,5,1.2232447862625122,0.47217537942664417,0.47244094488188976,0.9,0.12,"[[728, 3], [936, 112]]","[[51, 1], [66, 9]]"
3,6,1.0225343704223633,0.6447442383361439,0.6850393700787402,0.9069767441860465,0.52,"[[677, 54], [578, 470]]","[[48, 4], [36, 39]]"
3,7,0.857681393623352,0.7082630691399663,0.7480314960629921,0.7216494845360825,0.9333333333333333,"[[363, 368], [151, 897]]","[[25, 27], [5, 70]]"
3,8,0.838335394859314,0.6953344575604272,0.7007874015748031,0.6728971962616822,0.96,"[[267, 464], [78, 970]]","[[17, 35], [3, 72]]"
3,9,0.8826611638069153,0.716132658797077,0.7322834645669292,0.7029702970297029,0.9466666666666667,"[[336, 395], [110, 938]]","[[22, 30], [4, 71]]"
3,10,0.9081718921661377,0.7509836987071389,0.7874015748031497,0.7790697674418605,0.8933333333333333,"[[486, 245], [198, 850]]","[[33, 19], [8, 67]]"
3,11,0.7886151075363159,0.7318718381112985,0.7874015748031497,0.875,0.7466666666666667,"[[606, 125], [352, 696]]","[[44, 8], [19, 56]]"
3,12,0.7495529651641846,0.7032040472175379,0.7401574803149606,0.92,0.6133333333333333,"[[678, 53], [475, 573]]","[[48, 4], [29, 46]]"
3,13,0.7633867263793945,0.6908375491849353,0.6929133858267716,0.9090909090909091,0.5333333333333333,"[[694, 37], [513, 535]]","[[48, 4], [35, 40]]"
3,14,0.7940190434455872,0.7060146149522204,0.7322834645669292,0.9183673469387755,0.6,"[[685, 46], [477, 571]]","[[48, 4], [30, 45]]"
3,15,0.7533642053604126,0.7380550871275998,0.7952755905511811,0.9016393442622951,0.7333333333333333,"[[651, 80], [386, 662]]","[[46, 6], [20, 55]]"
3,16,0.7234339714050293,0.7712197863968522,0.8031496062992126,0.8472222222222222,0.8133333333333334,"[[596, 135], [272, 776]]","[[41, 11], [14, 61]]"
3,17,0.7033909559249878,0.790893760539629,0.84251968503937,0.8313253012048193,0.92,"[[553, 178], [194, 854]]","[[38, 14], [6, 69]]"
3,18,0.7085939645767212,0.7886453063518831,0.8503937007874016,0.8181818181818182,0.96,"[[532, 199], [177, 871]]","[[36, 16], [3, 72]]"
3,19,0.7068886756896973,0.7903316469926925,0.8503937007874016,0.8111111111111111,0.9733333333333334,"[[532, 199], [174, 874]]","[[35, 17], [2, 73]]"
3,20,0.6981382966041565,0.8015739179314222,0.84251968503937,0.8160919540229885,0.9466666666666667,"[[563, 168], [185, 863]]","[[36, 16], [4, 71]]"
3,21,0.6802241206169128,0.8038223721191681,0.8503937007874016,0.8414634146341463,0.92,"[[593, 138], [211, 837]]","[[39, 13], [6, 69]]"
3,22,0.6629290580749512,0.7931422147273749,0.8503937007874016,0.8589743589743589,0.8933333333333333,"[[622, 109], [259, 789]]","[[41, 11], [8, 67]]"
3,23,0.653175950050354,0.7897695334457561,0.8503937007874016,0.8783783783783784,0.8666666666666667,"[[639, 92], [282, 766]]","[[43, 9], [10, 65]]"
3,24,0.6627423763275146,0.7880831928049467,0.84251968503937,0.8873239436619719,0.84,"[[651, 80], [297, 751]]","[[44, 8], [12, 63]]"
3,25,0.6591519117355347,0.7875210792580101,0.8503937007874016,0.9,0.84,"[[648, 83], [295, 753]]","[[45, 7], [12, 63]]"
3,26,0.6586413979530334,0.8004496908375491,0.8582677165354331,0.88,0.88,"[[643, 88], [267, 781]]","[[43, 9], [9, 66]]"
3,27,0.6399635672569275,0.8077571669477235,0.8582677165354331,0.8518518518518519,0.92,"[[632, 99], [243, 805]]","[[40, 12], [6, 69]]"
3,28,0.6389641761779785,0.8105677346824058,0.84251968503937,0.8313253012048193,0.92,"[[614, 117], [220, 828]]","[[38, 14], [6, 69]]"
3,29,0.6324622631072998,0.8133783024170883,0.84251968503937,0.8235294117647058,0.9333333333333333,"[[600, 131], [201, 847]]","[[37, 15], [5, 70]]"
3,30,0.6354547739028931,0.8201236649803261,0.8267716535433071,0.8045977011494253,0.9333333333333333,"[[594, 137], [183, 865]]","[[35, 17], [5, 70]]"
3,31,0.6331281661987305,0.8201236649803261,0.8267716535433071,0.8045977011494253,0.9333333333333333,"[[593, 138], [182, 866]]","[[35, 17], [5, 70]]"
3,32,0.6260083913803101,0.821247892074199,0.8267716535433071,0.8045977011494253,0.9333333333333333,"[[598, 133], [185, 863]]","[[35, 17], [5, 70]]"
3,33,0.6174675822257996,0.8206857785272625,0.8346456692913385,0.813953488372093,0.9333333333333333,"[[601, 130], [189, 859]]","[[36, 16], [5, 70]]"
3,34,0.6206672787666321,0.821247892074199,0.8346456692913385,0.813953488372093,0.9333333333333333,"[[608, 123], [195, 853]]","[[36, 16], [5, 70]]"
3,35,0.6125116348266602,0.8195615514333895,0.84251968503937,0.8235294117647058,0.9333333333333333,"[[614, 117], [204, 844]]","[[37, 15], [5, 70]]"
4,0,1.192369818687439,0.5890949971894323,0.5905511811023622,0.5905511811023622,1.0,"[[0, 731], [0, 1048]]","[[0, 52], [0, 75]]"
4,1,2.1565871238708496,0.5885328836424958,0.5905511811023622,0.5905511811023622,1.0,"[[0, 731], [1, 1047]]","[[0, 52], [0, 75]]"
4,2,1.7275981903076172,0.6216975829117481,0.6141732283464567,0.6160714285714286,0.92,"[[94, 637], [36, 1012]]","[[9, 43], [6, 69]]"
4,3,1.192521572113037,0.65654862282181,0.6299212598425197,0.7916666666666666,0.5066666666666667,"[[603, 128], [483, 565]]","[[42, 10], [37, 38]]"
4,4,0.8650331497192383,0.5238898257448005,0.5118110236220472,0.9333333333333333,0.18666666666666668,"[[723, 8], [839, 209]]","[[51, 1], [61, 14]]"
4,5,1.011106252670288,0.537380550871276,0.5118110236220472,0.9333333333333333,0.18666666666666668,"[[724, 7], [816, 232]]","[[51, 1], [61, 14]]"
4,6,1.0167286396026611,0.6385609893198426,0.6299212598425197,0.9375,0.4,"[[702, 29], [614, 434]]","[[50, 2], [45, 30]]"
4,7,0.8472038507461548,0.7397414277684092,0.7086614173228346,0.8275862068965517,0.64,"[[576, 155], [308, 740]]","[[42, 10], [27, 48]]"
4,8,0.7918602824211121,0.7504215851602024,0.7401574803149606,0.7441860465116279,0.8533333333333334,"[[405, 326], [118, 930]]","[[30, 22], [11, 64]]"
4,9,0.798294186592102,0.7549184935356942,0.7244094488188977,0.7222222222222222,0.8666666666666667,"[[400, 331], [105, 943]]","[[27, 25], [10, 65]]"
4,10,0.8620514869689941,0.7774030354131535,0.7716535433070866,0.8026315789473685,0.8133333333333334,"[[479, 252], [144, 904]]","[[37, 15], [14, 61]]"
4,11,0.7528048753738403,0.7734682405845981,0.7716535433070866,0.859375,0.7333333333333333,"[[575, 156], [247, 801]]","[[43, 9], [20, 55]]"
4,12,0.7161389589309692,0.7577290612703766,0.7480314960629921,0.9056603773584906,0.64,"[[641, 90], [341, 707]]","[[47, 5], [27, 48]]"
4,13,0.7145764827728271,0.7358066329398538,0.7165354330708661,0.9333333333333333,0.56,"[[680, 51], [419, 629]]","[[49, 3], [33, 42]]"
4,14,0.724234402179718,0.7234401349072512,0.7086614173228346,0.9318181818181818,0.5466666666666666,"[[688, 43], [449, 599]]","[[49, 3], [34, 41]]"
4,15,0.7317875027656555,0.7386172006745363,0.7322834645669292,0.9183673469387755,0.6,"[[673, 58], [407, 641]]","[[48, 4], [30, 45]]"
4,16,0.6952294707298279,0.774592467678471,0.7559055118110236,0.9074074074074074,0.6533333333333333,"[[638, 93], [308, 740]]","[[47, 5], [26, 49]]"
4,17,0.6717450618743896,0.7835862844294548,0.7322834645669292,0.8596491228070176,0.6533333333333333,"[[607, 124], [261, 787]]","[[44, 8], [26, 49]]"
4,18,0.6683815121650696,0.8010118043844857,0.7480314960629921,0.8524590163934426,0.6933333333333334,"[[588, 143], [211, 837]]","[[43, 9], [23, 52]]"
4,19,0.6713396310806274,0.7976391231028668,0.7480314960629921,0.8412698412698413,0.7066666666666667,"[[564, 167], [193, 855]]","[[42, 10], [22, 53]]"
5,0,1.1041184663772583,0.5902192242833052,0.5905511811023622,0.5905511811023622,1.0,"[[2, 729], [0, 1048]]","[[0, 52], [0, 75]]"
5,1,2.144010543823242,0.6059584035975267,0.6299212598425197,0.6147540983606558,1.0,"[[40, 691], [10, 1038]]","[[5, 47], [0, 75]]"
5,2,1.5443952083587646,0.6481169196177627,0.6220472440944882,0.7076923076923077,0.6133333333333333,"[[512, 219], [407, 641]]","[[33, 19], [29, 46]]"
5,3,0.9732996225357056,0.4952220348510399,0.4881889763779528,0.9166666666666666,0.14666666666666667,"[[711, 20], [878, 170]]","[[51, 1], [64, 11]]"
5,4,1.2157310247421265,0.47217537942664417,0.4645669291338583,0.8888888888888888,0.10666666666666667,"[[723, 8], [931, 117]]","[[51, 1], [67, 8]]"
5,5,1.36185622215271,0.5182686902754357,0.5039370078740157,0.9285714285714286,0.17333333333333334,"[[712, 19], [838, 210]]","[[51, 1], [62, 13]]"
5,6,1.095549464225769,0.6374367622259697,0.6614173228346457,0.9444444444444444,0.4533333333333333,"[[680, 51], [594, 454]]","[[50, 2], [41, 34]]"
5,7,0.8732157945632935,0.7408656548622822,0.7874015748031497,0.8243243243243243,0.8133333333333334,"[[510, 221], [240, 808]]","[[39, 13], [14, 61]]"
5,8,0.8139017224311829,0.7403035413153457,0.7559055118110236,0.7558139534883721,0.8666666666666667,"[[386, 345], [117, 931]]","[[31, 21], [10, 65]]"
5,9,0.845577597618103,0.746486790331647,0.7716535433070866,0.7674418604651163,0.88,"[[402, 329], [122, 926]]","[[32, 20], [9, 66]]"
5,10,0.8620555400848389,0.7644744238336144,0.7874015748031497,0.8,0.8533333333333334,"[[507, 224], [195, 853]]","[[36, 16], [11, 64]]"
5,11,0.7838025093078613,0.7543563799887577,0.7952755905511811,0.8888888888888888,0.7466666666666667,"[[636, 95], [342, 706]]","[[45, 7], [19, 56]]"
5,12,0.7887830138206482,0.7386172006745363,0.7559055118110236,0.9074074074074074,0.6533333333333333,"[[668, 63], [402, 646]]","[[47, 5], [26, 49]]"
5,13,0.7408925294876099,0.7358066329398538,0.7401574803149606,0.9038461538461539,0.6266666666666667,"[[673, 58], [412, 636]]","[[47, 5], [28, 47]]"
5,14,0.7429192662239075,0.7521079258010118,0.7480314960629921,0.864406779661017,0.68,"[[658, 73], [368, 680]]","[[44, 8], [24, 51]]"
5,15,0.7095931172370911,0.7790893760539629,0.7559055118110236,0.8548387096774194,0.7066666666666667,"[[637, 94], [299, 749]]","[[43, 9], [22, 53]]"
5,16,0.7111225128173828,0.7970770095559303,0.7874015748031497,0.8333333333333334,0.8,"[[601, 130], [231, 817]]","[[40, 12], [15, 60]]"
5,17,0.6904487013816833,0.7953906689151209,0.7795275590551181,0.7974683544303798,0.84,"[[561, 170], [194, 854]]","[[36, 16], [12, 63]]"
5,18,0.6918345093727112,0.7959527824620574,0.7874015748031497,0.8,0.8533333333333334,"[[552, 179], [184, 864]]","[[36, 16], [11, 64]]"
5,19,0.6953639984130859,0.7993254637436762,0.7795275590551181,0.7974683544303798,0.84,"[[564, 167], [190, 858]]","[[36, 16], [12, 63]]"
5,20,0.678929328918457,0.806070826306914,0.7795275590551181,0.8051948051948052,0.8266666666666667,"[[587, 144], [201, 847]]","[[37, 15], [13, 62]]"
6,0,1.402658224105835,0.5907813378302417,0.5905511811023622,0.592,0.9866666666666667,"[[3, 728], [0, 1048]]","[[1, 51], [1, 74]]"
6,1,2.1997811794281006,0.5907813378302417,0.5905511811023622,0.592,0.9866666666666667,"[[6, 725], [3, 1045]]","[[1, 51], [1, 74]]"
6,2,1.7606403827667236,0.6374367622259697,0.6535433070866141,0.6347826086956522,0.9733333333333334,"[[166, 565], [80, 968]]","[[10, 42], [2, 73]]"
6,3,1.2852134704589844,0.6346261944912872,0.6850393700787402,0.7868852459016393,0.64,"[[583, 148], [502, 546]]","[[39, 13], [27, 48]]"
6,4,0.9740437865257263,0.5272625070264193,0.5196850393700787,0.8888888888888888,0.21333333333333335,"[[714, 17], [824, 224]]","[[50, 2], [59, 16]]"
6,5,1.1435565948486328,0.5087127599775154,0.5196850393700787,1.0,0.18666666666666668,"[[725, 6], [868, 180]]","[[52, 0], [61, 14]]"
6,6,1.0364246368408203,0.6115795390668916,0.5905511811023622,0.896551724137931,0.3466666666666667,"[[704, 27], [664, 384]]","[[49, 3], [49, 26]]"
6,7,0.915173351764679,0.746486790331647,0.7480314960629921,0.8115942028985508,0.7466666666666667,"[[566, 165], [286, 762]]","[[39, 13], [19, 56]]"
6,8,0.7970025539398193,0.7082630691399663,0.7244094488188977,0.7040816326530612,0.92,"[[301, 430], [89, 959]]","[[23, 29], [6, 69]]"
6,9,0.7993906736373901,0.698707138842046,0.7086614173228346,0.6862745098039216,0.9333333333333333,"[[260, 471], [65, 983]]","[[20, 32], [5, 70]]"
6,10,0.858269214630127,0.7240022484541877,0.7322834645669292,0.711340206185567,0.92,"[[329, 402], [89, 959]]","[[24, 28], [6, 69]]"
6,11,0.8187957406044006,0.776840921866217,0.7637795275590551,0.7777777777777778,0.84,"[[498, 233], [164, 884]]","[[34, 18], [12, 63]]"
6,12,0.7619256377220154,0.7633501967397415,0.7795275590551181,0.8852459016393442,0.72,"[[630, 101], [320, 728]]","[[45, 7], [21, 54]]"
6,13,0.751605212688446,0.7380550871275998,0.7637795275590551,0.9090909090909091,0.6666666666666666,"[[667, 64], [402, 646]]","[[47, 5], [25, 50]]"
6,14,0.7279634475708008,0.7358066329398538,0.7637795275590551,0.9090909090909091,0.6666666666666666,"[[673, 58], [412, 636]]","[[47, 5], [25, 50]]"
6,15,0.7383652925491333,0.7549184935356942,0.7874015748031497,0.9137931034482759,0.7066666666666667,"[[655, 76], [360, 688]]","[[47, 5], [22, 53]]"
6,16,0.7146809101104736,0.7852726250702642,0.8031496062992126,0.8787878787878788,0.7733333333333333,"[[611, 120], [262, 786]]","[[44, 8], [17, 58]]"
6,17,0.6965921521186829,0.7998875772906127,0.8188976377952756,0.8611111111111112,0.8266666666666667,"[[546, 185], [171, 877]]","[[42, 10], [13, 62]]"
6,18,0.6849608421325684,0.7987633501967397,0.7952755905511811,0.8024691358024691,0.8666666666666667,"[[504, 227], [131, 917]]","[[36, 16], [10, 65]]"
6,19,0.7074998021125793,0.7965148960089938,0.7952755905511811,0.8024691358024691,0.8666666666666667,"[[495, 236], [126, 922]]","[[36, 16], [10, 65]]"
6,20,0.701568603515625,0.8026981450252951,0.8031496062992126,0.8289473684210527,0.84,"[[526, 205], [146, 902]]","[[39, 13], [12, 63]]"
6,21,0.6752482056617737,0.8111298482293423,0.8188976377952756,0.8513513513513513,0.84,"[[569, 162], [174, 874]]","[[41, 11], [12, 63]]"
6,22,0.6625730395317078,0.8094435075885329,0.7795275590551181,0.8615384615384616,0.7466666666666667,"[[613, 118], [221, 827]]","[[43, 9], [19, 56]]"
6,23,0.6500521898269653,0.7959527824620574,0.7716535433070866,0.8833333333333333,0.7066666666666667,"[[643, 88], [275, 773]]","[[45, 7], [22, 53]]"
6,24,0.6545278429985046,0.7863968521641371,0.7637795275590551,0.8813559322033898,0.6933333333333334,"[[647, 84], [296, 752]]","[[45, 7], [23, 52]]"
6,25,0.6464990377426147,0.7875210792580101,0.7637795275590551,0.8813559322033898,0.6933333333333334,"[[651, 80], [298, 750]]","[[45, 7], [23, 52]]"
6,26,0.6476415395736694,0.7925801011804384,0.7637795275590551,0.8813559322033898,0.6933333333333334,"[[645, 86], [283, 765]]","[[45, 7], [23, 52]]"
7,0,1.091886043548584,0.5890949971894323,0.5905511811023622,0.5905511811023622,1.0,"[[0, 731], [0, 1048]]","[[0, 52], [0, 75]]"
7,1,2.467684268951416,0.5885328836424958,0.5905511811023622,0.5905511811023622,1.0,"[[0, 731], [1, 1047]]","[[0, 52], [0, 75]]"
7,2,2.1579861640930176,0.6087689713322091,0.5984251968503937,0.5983606557377049,0.9733333333333334,"[[44, 687], [9, 1039]]","[[3, 49], [2, 73]]"
7,3,1.3218919038772583,0.6863406408094435,0.6062992125984252,0.7659574468085106,0.48,"[[586, 145], [413, 635]]","[[41, 11], [39, 36]]"
7,4,0.8831189274787903,0.4390106801573918,0.41732283464566927,0.6666666666666666,0.02666666666666667,"[[728, 3], [995, 53]]","[[51, 1], [73, 2]]"
7,5,1.2940590381622314,0.4176503653738055,0.4094488188976378,0.0,0.0,"[[731, 0], [1036, 12]]","[[52, 0], [75, 0]]"
7,6,1.473938226699829,0.42495784148397975,0.41732283464566927,1.0,0.013333333333333334,"[[731, 0], [1023, 25]]","[[52, 0], [74, 1]]"
7,7,1.4318873882293701,0.4873524451939292,0.44881889763779526,0.8571428571428571,0.08,"[[730, 1], [911, 137]]","[[51, 1], [69, 6]]"
7,8,1.161743402481079,0.6385609893198426,0.5905511811023622,0.896551724137931,0.3466666666666667,"[[706, 25], [618, 430]]","[[49, 3], [49, 26]]"
7,9,0.8656742572784424,0.7403035413153457,0.7244094488188977,0.8125,0.6933333333333334,"[[573, 158], [304, 744]]","[[40, 12], [23, 52]]"
7,10,0.762625515460968,0.7374929735806633,0.7480314960629921,0.7471264367816092,0.8666666666666667,"[[377, 354], [113, 935]]","[[30, 22], [10, 65]]"
7,11,0.8041571378707886,0.7268128161888702,0.7401574803149606,0.723404255319149,0.9066666666666666,"[[325, 406], [80, 968]]","[[26, 26], [7, 68]]"
7,12,0.8770554065704346,0.7419898819561551,0.7637795275590551,0.7472527472527473,0.9066666666666666,"[[359, 372], [87, 961]]","[[29, 23], [7, 68]]"
7,13,0.8227071762084961,0.760539629005059,0.7795275590551181,0.7831325301204819,0.8666666666666667,"[[456, 275], [151, 897]]","[[34, 18], [10, 65]]"
7,14,0.7791711091995239,0.7796514896008994,0.7795275590551181,0.8615384615384616,0.7466666666666667,"[[585, 146], [246, 802]]","[[43, 9], [19, 56]]"
7,15,0.7221764326095581,0.7414277684092186,0.7322834645669292,0.9019607843137255,0.6133333333333333,"[[653, 78], [382, 666]]","[[47, 5], [29, 46]]"
7,16,0.7095767259597778,0.7189432265317595,0.7322834645669292,0.9183673469387755,0.6,"[[692, 39], [461, 587]]","[[48, 4], [30, 45]]"
7,17,0.7315306663513184,0.7127599775154582,0.7244094488188977,0.9166666666666666,0.5866666666666667,"[[693, 38], [473, 575]]","[[48, 4], [31, 44]]"
7,18,0.7217646837234497,0.7245643620011242,0.7165354330708661,0.8979591836734694,0.5866666666666667,"[[684, 47], [443, 605]]","[[47, 5], [31, 44]]"
7,19,0.7370611429214478,0.7655986509274874,0.7401574803149606,0.8888888888888888,0.64,"[[650, 81], [336, 712]]","[[46, 6], [27, 48]]"
7,20,0.707664966583252,0.7818999437886454,0.7637795275590551,0.8947368421052632,0.68,"[[629, 102], [286, 762]]","[[46, 6], [24, 51]]"
7,21,0.6867349147796631,0.7959527824620574,0.7559055118110236,0.8666666666666667,0.6933333333333334,"[[605, 126], [237, 811]]","[[44, 8], [23, 52]]"
7,22,0.6784331798553467,0.8032602585722316,0.7874015748031497,0.875,0.7466666666666667,"[[575, 156], [194, 854]]","[[44, 8], [19, 56]]"
7,23,0.6703822612762451,0.8032602585722316,0.8031496062992126,0.8571428571428571,0.8,"[[553, 178], [172, 876]]","[[42, 10], [15, 60]]"
7,24,0.660789430141449,0.8010118043844857,0.8031496062992126,0.8571428571428571,0.8,"[[542, 189], [165, 883]]","[[42, 10], [15, 60]]"
7,25,0.6732230186462402,0.8021360314783587,0.8031496062992126,0.8571428571428571,0.8,"[[541, 190], [162, 886]]","[[42, 10], [15, 60]]"
7,26,0.6647099256515503,0.8026981450252951,0.8031496062992126,0.8571428571428571,0.8,"[[545, 186], [165, 883]]","[[42, 10], [15, 60]]"
7,27,0.6575656533241272,0.8094435075885329,0.7874015748031497,0.8529411764705882,0.7733333333333333,"[[567, 164], [175, 873]]","[[42, 10], [17, 58]]"
7,28,0.655494749546051,0.8116919617762788,0.7874015748031497,0.8870967741935484,0.7333333333333333,"[[588, 143], [192, 856]]","[[45, 7], [20, 55]]"
7,29,0.6536288261413574,0.8111298482293423,0.7874015748031497,0.9,0.72,"[[614, 117], [219, 829]]","[[46, 6], [21, 54]]"
7,30,0.6559368968009949,0.8088813940415964,0.7874015748031497,0.9,0.72,"[[622, 109], [231, 817]]","[[46, 6], [21, 54]]"
7,31,0.6372435092926025,0.8038223721191681,0.7795275590551181,0.8983050847457628,0.7066666666666667,"[[628, 103], [246, 802]]","[[46, 6], [22, 53]]"
7,32,0.644156813621521,0.8004496908375491,0.7795275590551181,0.8983050847457628,0.7066666666666667,"[[636, 95], [260, 788]]","[[46, 6], [22, 53]]"
8,0,1.1180671453475952,0.5896571107363687,0.5984251968503937,0.5952380952380952,1.0,"[[1, 730], [0, 1048]]","[[1, 51], [0, 75]]"
8,1,2.0158958435058594,0.5896571107363687,0.5905511811023622,0.592,0.9866666666666667,"[[2, 729], [1, 1047]]","[[1, 51], [1, 74]]"
8,2,1.6572524309158325,0.6391231028667791,0.6141732283464567,0.6101694915254238,0.96,"[[106, 625], [17, 1031]]","[[6, 46], [3, 72]]"
8,3,1.168097734451294,0.6649803260258572,0.6299212598425197,0.8043478260869565,0.49333333333333335,"[[646, 85], [511, 537]]","[[43, 9], [38, 37]]"
8,4,0.8631258606910706,0.5570545250140528,0.49606299212598426,0.9230769230769231,0.16,"[[709, 22], [766, 282]]","[[51, 1], [63, 12]]"
8,5,0.9511916637420654,0.6318156267566049,0.6062992125984252,0.8787878787878788,0.38666666666666666,"[[681, 50], [605, 443]]","[[48, 4], [46, 29]]"
8,6,0.8580023646354675,0.7172568858909499,0.6929133858267716,0.8,0.64,"[[609, 122], [381, 667]]","[[40, 12], [27, 48]]"
8,7,0.7957701683044434,0.760539629005059,0.7086614173228346,0.7567567567567568,0.7466666666666667,"[[531, 200], [226, 822]]","[[34, 18], [19, 56]]"
8,8,0.7736105918884277,0.7734682405845981,0.7007874015748031,0.7228915662650602,0.8,"[[509, 222], [181, 867]]","[[29, 23], [15, 60]]"
8,9,0.7585005760192871,0.7830241708825183,0.6929133858267716,0.725,0.7733333333333333,"[[532, 199], [187, 861]]","[[30, 22], [17, 58]]"
8,10,0.7555432319641113,0.7734682405845981,0.6929133858267716,0.75,0.72,"[[578, 153], [250, 798]]","[[34, 18], [21, 54]]"
8,11,0.7463770508766174,0.7537942664418212,0.7007874015748031,0.8245614035087719,0.6266666666666667,"[[637, 94], [344, 704]]","[[42, 10], [28, 47]]"
8,12,0.7046787142753601,0.7403035413153457,0.6850393700787402,0.8301886792452831,0.5866666666666667,"[[663, 68], [394, 654]]","[[43, 9], [31, 44]]"
8,13,0.7145154476165771,0.7588532883642496,0.6850393700787402,0.7966101694915254,0.6266666666666667,"[[659, 72], [357, 691]]","[[40, 12], [28, 47]]"
8,14,0.7047436833381653,0.7740303541315345,0.6850393700787402,0.7868852459016393,0.64,"[[651, 80], [322, 726]]","[[39, 13], [27, 48]]"
8,15,0.6984373331069946,0.7886453063518831,0.7007874015748031,0.7846153846153846,0.68,"[[632, 99], [277, 771]]","[[38, 14], [24, 51]]"
8,16,0.6784766912460327,0.8010118043844857,0.7165354330708661,0.782608695652174,0.72,"[[604, 127], [227, 821]]","[[37, 15], [21, 54]]"
8,17,0.6649280190467834,0.807195053400787,0.7165354330708661,0.7746478873239436,0.7333333333333333,"[[584, 147], [196, 852]]","[[36, 16], [20, 55]]"
8,18,0.6678282618522644,0.8116919617762788,0.7086614173228346,0.7567567567567568,0.7466666666666667,"[[569, 162], [173, 875]]","[[34, 18], [19, 56]]"
8,19,0.667917013168335,0.8116919617762788,0.7165354330708661,0.76,0.76,"[[560, 171], [164, 884]]","[[34, 18], [18, 57]]"
8,20,0.6969451904296875,0.8167509836987071,0.7165354330708661,0.7746478873239436,0.7333333333333333,"[[577, 154], [172, 876]]","[[36, 16], [20, 55]]"
8,21,0.6540473103523254,0.8161888701517707,0.7165354330708661,0.7746478873239436,0.7333333333333333,"[[591, 140], [187, 861]]","[[36, 16], [20, 55]]"
8,22,0.6481415033340454,0.8133783024170883,0.7007874015748031,0.7846153846153846,0.68,"[[616, 115], [217, 831]]","[[38, 14], [24, 51]]"
8,23,0.6352032423019409,0.8122540753232153,0.6850393700787402,0.7777777777777778,0.6533333333333333,"[[628, 103], [231, 817]]","[[38, 14], [26, 49]]"
8,24,0.6385163068771362,0.8094435075885329,0.6850393700787402,0.7777777777777778,0.6533333333333333,"[[641, 90], [249, 799]]","[[38, 14], [26, 49]]"
8,25,0.6287070512771606,0.8032602585722316,0.6850393700787402,0.7868852459016393,0.64,"[[648, 83], [267, 781]]","[[39, 13], [27, 48]]"
9,0,1.0832794904708862,0.44631815626756605,0.44881889763779526,1.0,0.06666666666666667,"[[715, 16], [969, 79]]","[[52, 0], [70, 5]]"
9,1,1.1617209911346436,0.6093310848791456,0.6771653543307087,0.7833333333333333,0.6266666666666667,"[[511, 220], [475, 573]]","[[39, 13], [28, 47]]"
9,2,0.9975395202636719,0.6211354693648117,0.6535433070866141,0.7924528301886793,0.56,"[[582, 149], [525, 523]]","[[41, 11], [33, 42]]"
9,3,0.9241906404495239,0.6177627880831928,0.6535433070866141,0.9428571428571428,0.44,"[[683, 48], [632, 416]]","[[50, 2], [42, 33]]"
9,4,0.8775206804275513,0.6975829117481731,0.7637795275590551,0.9090909090909091,0.6666666666666666,"[[598, 133], [405, 643]]","[[47, 5], [25, 50]]"
9,5,0.8171496987342834,0.7228780213603148,0.7480314960629921,0.7529411764705882,0.8533333333333334,"[[427, 304], [189, 859]]","[[31, 21], [11, 64]]"
9,6,0.8272479176521301,0.729061270376616,0.7637795275590551,0.7368421052631579,0.9333333333333333,"[[340, 391], [91, 957]]","[[27, 25], [5, 70]]"
9,7,0.8658421039581299,0.7504215851602024,0.8110236220472441,0.8,0.9066666666666666,"[[477, 254], [190, 858]]","[[35, 17], [7, 68]]"
9,8,0.7806179523468018,0.7088251826869028,0.6850393700787402,0.9069767441860465,0.52,"[[636, 95], [423, 625]]","[[48, 4], [36, 39]]"
9,9,0.7941396236419678,0.7105115233277122,0.6692913385826772,0.9024390243902439,0.49333333333333335,"[[659, 72], [443, 605]]","[[48, 4], [38, 37]]"
9,10,0.8106304407119751,0.7476110174255199,0.7559055118110236,0.8928571428571429,0.6666666666666666,"[[617, 114], [335, 713]]","[[46, 6], [25, 50]]"
9,11,0.7343204021453857,0.7661607644744238,0.8031496062992126,0.8676470588235294,0.7866666666666666,"[[556, 175], [241, 807]]","[[43, 9], [16, 59]]"
9,12,0.7263733744621277,0.7717818999437887,0.8110236220472441,0.8591549295774648,0.8133333333333334,"[[530, 201], [205, 843]]","[[42, 10], [14, 61]]"
9,13,0.7157655954360962,0.7757166947723441,0.8267716535433071,0.8732394366197183,0.8266666666666667,"[[541, 190], [209, 839]]","[[43, 9], [13, 62]]"
9,14,0.726063072681427,0.7762788083192805,0.8110236220472441,0.8923076923076924,0.7733333333333333,"[[596, 135], [263, 785]]","[[45, 7], [17, 58]]"
9,15,0.6958905458450317,0.7655986509274874,0.7716535433070866,0.896551724137931,0.6933333333333334,"[[628, 103], [314, 734]]","[[46, 6], [23, 52]]"
9,16,0.6934406161308289,0.7582911748173131,0.7795275590551181,0.9272727272727272,0.68,"[[643, 88], [342, 706]]","[[48, 4], [24, 51]]"
9,17,0.6979085206985474,0.7723440134907251,0.7716535433070866,0.896551724137931,0.6933333333333334,"[[636, 95], [310, 738]]","[[46, 6], [23, 52]]"
9,18,0.6903272867202759,0.7863968521641371,0.8110236220472441,0.9047619047619048,0.76,"[[606, 125], [255, 793]]","[[46, 6], [18, 57]]"
9,19,0.6716968417167664,0.7982012366498032,0.8267716535433071,0.8840579710144928,0.8133333333333334,"[[586, 145], [214, 834]]","[[44, 8], [14, 61]]"
9,20,0.6655721664428711,0.7998875772906127,0.8267716535433071,0.8840579710144928,0.8133333333333334,"[[579, 152], [204, 844]]","[[44, 8], [14, 61]]"
9,21,0.669545590877533,0.8032602585722316,0.8188976377952756,0.8823529411764706,0.8,"[[590, 141], [209, 839]]","[[44, 8], [15, 60]]"
9,22,0.6609134674072266,0.7993254637436762,0.8188976377952756,0.90625,0.7733333333333333,"[[605, 126], [231, 817]]","[[46, 6], [17, 58]]"
10,0,1.4656834602355957,0.41090500281056774,0.4094488188976378,0.0,0.0,"[[730, 1], [1047, 1]]","[[52, 0], [75, 0]]"
10,1,2.27750563621521,0.41090500281056774,0.4094488188976378,0.0,0.0,"[[730, 1], [1047, 1]]","[[52, 0], [75, 0]]"
10,2,1.6820778846740723,0.5879707700955593,0.6299212598425197,0.85,0.4533333333333333,"[[585, 146], [587, 461]]","[[46, 6], [41, 34]]"
10,3,0.9594141244888306,0.6104553119730185,0.6062992125984252,0.6033057851239669,0.9733333333333334,"[[43, 688], [5, 1043]]","[[4, 48], [2, 73]]"
10,4,1.1246070861816406,0.596964586846543,0.5905511811023622,0.592,0.9866666666666667,"[[14, 717], [0, 1048]]","[[1, 51], [1, 74]]"
10,5,1.1443109512329102,0.6408094435075885,0.6456692913385826,0.631578947368421,0.96,"[[106, 625], [14, 1034]]","[[10, 42], [3, 72]]"
10,6,1.0417810678482056,0.7240022484541877,0.7322834645669292,0.7662337662337663,0.7866666666666666,"[[411, 320], [171, 877]]","[[34, 18], [16, 59]]"
10,7,0.8862593173980713,0.6621697582911749,0.6850393700787402,0.926829268292683,0.5066666666666667,"[[661, 70], [531, 517]]","[[49, 3], [37, 38]]"
10,8,0.8120222091674805,0.6194491287240023,0.6456692913385826,0.96875,0.41333333333333333,"[[703, 28], [649, 399]]","[[51, 1], [44, 31]]"
10,9,0.8560541272163391,0.6301292861157954,0.6535433070866141,0.9696969696969697,0.4266666666666667,"[[703, 28], [630, 418]]","[[51, 1], [43, 32]]"
10,10,0.8226326704025269,0.6700393479482856,0.6929133858267716,0.95,0.5066666666666667,"[[676, 55], [532, 516]]","[[50, 2], [37, 38]]"
10,11,0.7633922100067139,0.730185497470489,0.7480314960629921,0.9056603773584906,0.64,"[[632, 99], [381, 667]]","[[47, 5], [27, 48]]"
10,12,0.7442251443862915,0.7684092186621697,0.7716535433070866,0.8833333333333333,0.7066666666666667,"[[551, 180], [232, 816]]","[[45, 7], [22, 53]]"
10,13,0.740761935710907,0.7672849915682968,0.8110236220472441,0.8695652173913043,0.8,"[[505, 226], [188, 860]]","[[43, 9], [15, 60]]"
10,14,0.777438759803772,0.77796514896009,0.8188976377952756,0.8823529411764706,0.8,"[[530, 201], [194, 854]]","[[44, 8], [15, 60]]"
10,15,0.7377648949623108,0.7774030354131535,0.8267716535433071,0.9076923076923077,0.7866666666666666,"[[571, 160], [236, 812]]","[[46, 6], [16, 59]]"
10,16,0.6988053321838379,0.7790893760539629,0.7795275590551181,0.9122807017543859,0.6933333333333334,"[[615, 116], [277, 771]]","[[47, 5], [23, 52]]"
10,17,0.696182370185852,0.7717818999437887,0.7716535433070866,0.9259259259259259,0.6666666666666666,"[[641, 90], [316, 732]]","[[48, 4], [25, 50]]"
10,18,0.6972196102142334,0.762788083192805,0.7795275590551181,0.9607843137254902,0.6533333333333333,"[[656, 75], [347, 701]]","[[50, 2], [26, 49]]"
10,19,0.677370011806488,0.7571669477234402,0.7874015748031497,0.98,0.6533333333333333,"[[655, 76], [356, 692]]","[[51, 1], [26, 49]]"
10,20,0.6825200319290161,0.7700955593029792,0.7952755905511811,0.9803921568627451,0.6666666666666666,"[[651, 80], [329, 719]]","[[51, 1], [25, 50]]"
10,21,0.6682201623916626,0.7824620573355818,0.8346456692913385,0.9655172413793104,0.7466666666666667,"[[639, 92], [295, 753]]","[[50, 2], [19, 56]]"
10,22,0.6623252630233765,0.792017987633502,0.8582677165354331,0.9523809523809523,0.8,"[[622, 109], [261, 787]]","[[49, 3], [15, 60]]"
10,23,0.6551012992858887,0.8021360314783587,0.8818897637795275,0.9545454545454546,0.84,"[[611, 120], [232, 816]]","[[49, 3], [12, 63]]"
10,24,0.6459212303161621,0.807195053400787,0.8740157480314961,0.9538461538461539,0.8266666666666667,"[[600, 131], [212, 836]]","[[49, 3], [13, 62]]"
10,25,0.6375963687896729,0.8094435075885329,0.8740157480314961,0.9402985074626866,0.84,"[[598, 133], [206, 842]]","[[48, 4], [12, 63]]"
10,26,0.6378610134124756,0.8116919617762788,0.8740157480314961,0.9402985074626866,0.84,"[[591, 140], [195, 853]]","[[48, 4], [12, 63]]"
10,27,0.6445630192756653,0.8133783024170883,0.8661417322834646,0.953125,0.8133333333333334,"[[614, 117], [215, 833]]","[[49, 3], [14, 61]]"
10,28,0.621851921081543,0.806070826306914,0.8503937007874016,0.9666666666666667,0.7733333333333333,"[[642, 89], [256, 792]]","[[50, 2], [17, 58]]"
10,29,0.6158928871154785,0.8010118043844857,0.8346456692913385,0.9655172413793104,0.7466666666666667,"[[650, 81], [273, 775]]","[[50, 2], [19, 56]]"
10,30,0.6182245016098022,0.8021360314783587,0.8346456692913385,0.9655172413793104,0.7466666666666667,"[[651, 80], [272, 776]]","[[50, 2], [19, 56]]"
10,31,0.6034209728240967,0.8038223721191681,0.8503937007874016,0.9666666666666667,0.7733333333333333,"[[648, 83], [266, 782]]","[[50, 2], [17, 58]]"
10,32,0.6135208606719971,0.80831928049466,0.8503937007874016,0.9666666666666667,0.7733333333333333,"[[647, 84], [257, 791]]","[[50, 2], [17, 58]]"
11,0,1.7732492685317993,0.41034288926363127,0.4015748031496063,0.0,0.0,"[[725, 6], [1043, 5]]","[[51, 1], [75, 0]]"
11,1,2.258636236190796,0.40978077571669475,0.4015748031496063,0.0,0.0,"[[727, 4], [1046, 2]]","[[51, 1], [75, 0]]"
11,2,1.90106201171875,0.43395165823496346,0.4251968503937008,0.75,0.04,"[[712, 19], [988, 60]]","[[51, 1], [72, 3]]"
11,3,1.1015100479125977,0.6149522203485104,0.6377952755905512,0.6198347107438017,1.0,"[[66, 665], [20, 1028]]","[[6, 46], [0, 75]]"
11,4,0.9943469762802124,0.6048341765036538,0.6299212598425197,0.6147540983606558,1.0,"[[42, 689], [14, 1034]]","[[5, 47], [0, 75]]"
11,5,1.1016905307769775,0.7026419336706015,0.6850393700787402,0.6666666666666666,0.9333333333333333,"[[284, 447], [82, 966]]","[[17, 35], [5, 70]]"
11,6,0.9439576864242554,0.6891512085441259,0.6850393700787402,0.8571428571428571,0.56,"[[617, 114], [439, 609]]","[[45, 7], [33, 42]]"
11,7,0.8312457203865051,0.5722315907813378,0.5118110236220472,0.8823529411764706,0.2,"[[710, 21], [740, 308]]","[[50, 2], [60, 15]]"
11,8,0.8784282803535461,0.5722315907813378,0.5275590551181102,0.9411764705882353,0.21333333333333335,"[[713, 18], [743, 305]]","[[51, 1], [59, 16]]"
11,9,0.8982918858528137,0.6486790331646992,0.6141732283464567,0.9333333333333333,0.37333333333333335,"[[694, 37], [588, 460]]","[[50, 2], [47, 28]]"
11,10,0.7958016395568848,0.7431141090500281,0.7244094488188977,0.8846153846153846,0.6133333333333333,"[[631, 100], [357, 691]]","[[46, 6], [29, 46]]"
11,11,0.7586437463760376,0.7852726250702642,0.7559055118110236,0.8235294117647058,0.7466666666666667,"[[553, 178], [204, 844]]","[[40, 12], [19, 56]]"
11,12,0.7842519283294678,0.7830241708825183,0.7716535433070866,0.8194444444444444,0.7866666666666666,"[[544, 187], [199, 849]]","[[39, 13], [16, 59]]"
11,13,0.7576037645339966,0.7802136031478358,0.7322834645669292,0.8360655737704918,0.68,"[[591, 140], [251, 797]]","[[42, 10], [24, 51]]"
11,14,0.715478241443634,0.7633501967397415,0.7480314960629921,0.8909090909090909,0.6533333333333333,"[[632, 99], [322, 726]]","[[46, 6], [26, 49]]"
11,15,0.719918429851532,0.7611017425519955,0.7559055118110236,0.9074074074074074,0.6533333333333333,"[[639, 92], [333, 715]]","[[47, 5], [26, 49]]"
11,16,0.7033014893531799,0.760539629005059,0.7559055118110236,0.9074074074074074,0.6533333333333333,"[[642, 89], [337, 711]]","[[47, 5], [26, 49]]"
11,17,0.6833773255348206,0.7712197863968522,0.7716535433070866,0.9107142857142857,0.68,"[[636, 95], [312, 736]]","[[47, 5], [24, 51]]"
11,18,0.6836084127426147,0.790893760539629,0.7637795275590551,0.8813559322033898,0.6933333333333334,"[[624, 107], [265, 783]]","[[45, 7], [23, 52]]"
11,19,0.67484450340271,0.7959527824620574,0.7637795275590551,0.8688524590163934,0.7066666666666667,"[[620, 111], [252, 796]]","[[44, 8], [22, 53]]"
11,20,0.675230860710144,0.7970770095559303,0.7637795275590551,0.8813559322033898,0.6933333333333334,"[[624, 107], [254, 794]]","[[45, 7], [23, 52]]"
11,21,0.6724786758422852,0.7965148960089938,0.7716535433070866,0.896551724137931,0.6933333333333334,"[[631, 100], [262, 786]]","[[46, 6], [23, 52]]"
12,0,1.1799983978271484,0.5885328836424958,0.5905511811023622,0.5905511811023622,1.0,"[[2, 729], [3, 1045]]","[[0, 52], [0, 75]]"
12,1,1.8771307468414307,0.5896571107363687,0.6062992125984252,0.6,1.0,"[[8, 723], [7, 1041]]","[[2, 50], [0, 75]]"
12,2,1.6546473503112793,0.6216975829117481,0.6299212598425197,0.6228070175438597,0.9466666666666667,"[[103, 628], [45, 1003]]","[[9, 43], [4, 71]]"
12,3,1.1787850856781006,0.7082630691399663,0.6535433070866141,0.7719298245614035,0.5866666666666667,"[[550, 181], [338, 710]]","[[39, 13], [31, 44]]"
12,4,0.8482155799865723,0.5930297920179877,0.5118110236220472,0.8823529411764706,0.2,"[[692, 39], [685, 363]]","[[50, 2], [60, 15]]"
12,5,0.9404304027557373,0.6042720629567172,0.5354330708661418,0.9444444444444444,0.22666666666666666,"[[701, 30], [674, 374]]","[[51, 1], [58, 17]]"
12,6,0.966298520565033,0.6908375491849353,0.6771653543307087,0.925,0.49333333333333335,"[[667, 64], [486, 562]]","[[49, 3], [38, 37]]"
12,7,0.8752449154853821,0.7582911748173131,0.7244094488188977,0.8125,0.6933333333333334,"[[546, 185], [245, 803]]","[[40, 12], [23, 52]]"
12,8,0.7824405431747437,0.7566048341765037,0.7165354330708661,0.7142857142857143,0.8666666666666667,"[[406, 325], [108, 940]]","[[26, 26], [10, 65]]"
12,9,0.7880247831344604,0.7492973580663294,0.7165354330708661,0.7096774193548387,0.88,"[[386, 345], [101, 947]]","[[25, 27], [9, 66]]"
12,10,0.7622461318969727,0.7655986509274874,0.7322834645669292,0.7303370786516854,0.8666666666666667,"[[442, 289], [128, 920]]","[[28, 24], [10, 65]]"
12,11,0.7786873579025269,0.7774030354131535,0.7480314960629921,0.8115942028985508,0.7466666666666667,"[[547, 184], [212, 836]]","[[39, 13], [19, 56]]"
12,12,0.7303707003593445,0.7655986509274874,0.7244094488188977,0.8448275862068966,0.6533333333333333,"[[626, 105], [312, 736]]","[[43, 9], [26, 49]]"
12,13,0.7256451845169067,0.7419898819561551,0.7165354330708661,0.8679245283018868,0.6133333333333333,"[[660, 71], [388, 660]]","[[45, 7], [29, 46]]"
12,14,0.7216610908508301,0.7419898819561551,0.7322834645669292,0.8867924528301887,0.6266666666666667,"[[667, 64], [395, 653]]","[[46, 6], [28, 47]]"
12,15,0.7146463394165039,0.7577290612703766,0.7244094488188977,0.8703703703703703,0.6266666666666667,"[[652, 79], [352, 696]]","[[45, 7], [28, 47]]"
12,16,0.7186976075172424,0.7830241708825183,0.7322834645669292,0.8253968253968254,0.6933333333333334,"[[622, 109], [277, 771]]","[[41, 11], [23, 52]]"
12,17,0.6917976140975952,0.8004496908375491,0.7559055118110236,0.8142857142857143,0.76,"[[577, 154], [201, 847]]","[[39, 13], [18, 57]]"
12,18,0.6629929542541504,0.8021360314783587,0.7795275590551181,0.7974683544303798,0.84,"[[529, 202], [150, 898]]","[[36, 16], [12, 63]]"
12,19,0.7018833160400391,0.806070826306914,0.7716535433070866,0.7804878048780488,0.8533333333333334,"[[530, 201], [144, 904]]","[[34, 18], [11, 64]]"
12,20,0.6553435325622559,0.8077571669477235,0.7874015748031497,0.8076923076923077,0.84,"[[546, 185], [157, 891]]","[[37, 15], [12, 63]]"
12,21,0.6590993404388428,0.806070826306914,0.7795275590551181,0.821917808219178,0.8,"[[572, 159], [186, 862]]","[[39, 13], [15, 60]]"
12,22,0.6436375379562378,0.8043844856661045,0.7637795275590551,0.835820895522388,0.7466666666666667,"[[618, 113], [235, 813]]","[[41, 11], [19, 56]]"
12,23,0.6317836046218872,0.7863968521641371,0.7480314960629921,0.864406779661017,0.68,"[[645, 86], [294, 754]]","[[44, 8], [24, 51]]"
12,24,0.635828971862793,0.7796514896008994,0.7401574803149606,0.8888888888888888,0.64,"[[660, 71], [321, 727]]","[[46, 6], [27, 48]]"
12,25,0.6339507102966309,0.7852726250702642,0.7401574803149606,0.8888888888888888,0.64,"[[657, 74], [308, 740]]","[[46, 6], [27, 48]]"
12,26,0.6271690130233765,0.8015739179314222,0.7559055118110236,0.8666666666666667,0.6933333333333334,"[[642, 89], [264, 784]]","[[44, 8], [23, 52]]"
12,27,0.6143643856048584,0.8116919617762788,0.7795275590551181,0.8615384615384616,0.7466666666666667,"[[624, 107], [228, 820]]","[[43, 9], [19, 56]]"
12,28,0.6085376739501953,0.8178752107925801,0.7716535433070866,0.8285714285714286,0.7733333333333333,"[[607, 124], [200, 848]]","[[40, 12], [17, 58]]"
12,29,0.597628116607666,0.822372119168072,0.7874015748031497,0.8333333333333334,0.8,"[[595, 136], [180, 868]]","[[40, 12], [15, 60]]"
12,30,0.600182294845581,0.8218100056211355,0.8031496062992126,0.8378378378378378,0.8266666666666667,"[[585, 146], [171, 877]]","[[40, 12], [13, 62]]"
12,31,0.5943018198013306,0.8206857785272625,0.7952755905511811,0.8266666666666667,0.8266666666666667,"[[579, 152], [167, 881]]","[[39, 13], [13, 62]]"
12,32,0.6010979413986206,0.8234963462619449,0.8031496062992126,0.8378378378378378,0.8266666666666667,"[[585, 146], [168, 880]]","[[40, 12], [13, 62]]"
12,33,0.5950055122375488,0.8251826869027543,0.7952755905511811,0.8356164383561644,0.8133333333333334,"[[595, 136], [175, 873]]","[[40, 12], [14, 61]]"
12,34,0.592616617679596,0.8257448004496908,0.7716535433070866,0.8285714285714286,0.7733333333333333,"[[609, 122], [188, 860]]","[[40, 12], [17, 58]]"
12,35,0.5764001607894897,0.8251826869027543,0.7559055118110236,0.8235294117647058,0.7466666666666667,"[[622, 109], [202, 846]]","[[40, 12], [19, 56]]"
12,36,0.5763793587684631,0.8161888701517707,0.7480314960629921,0.8208955223880597,0.7333333333333333,"[[629, 102], [225, 823]]","[[40, 12], [20, 55]]"
12,37,0.5818952918052673,0.8128161888701517,0.7401574803149606,0.828125,0.7066666666666667,"[[634, 97], [236, 812]]","[[41, 11], [22, 53]]"
12,38,0.5801557302474976,0.8111298482293423,0.7401574803149606,0.828125,0.7066666666666667,"[[635, 96], [240, 808]]","[[41, 11], [22, 53]]"
12,39,0.5756862163543701,0.8122540753232153,0.7401574803149606,0.828125,0.7066666666666667,"[[635, 96], [238, 810]]","[[41, 11], [22, 53]]"
13,0,1.0433473587036133,0.5896571107363687,0.5905511811023622,0.5905511811023622,1.0,"[[1, 730], [0, 1048]]","[[0, 52], [0, 75]]"
13,1,2.211742877960205,0.59584035975267,0.5826771653543307,0.5887096774193549,0.9733333333333334,"[[20, 711], [8, 1040]]","[[1, 51], [2, 73]]"
13,2,1.5848983526229858,0.6750983698707139,0.6456692913385826,0.6923076923076923,0.72,"[[420, 311], [267, 781]]","[[28, 24], [21, 54]]"
13,3,0.9838986396789551,0.5323215289488477,0.5196850393700787,0.8181818181818182,0.24,"[[703, 28], [804, 244]]","[[48, 4], [57, 18]]"
13,4,0.9668369293212891,0.4688026981450253,0.4566929133858268,0.8,0.10666666666666667,"[[723, 8], [937, 111]]","[[50, 2], [67, 8]]"
13,5,1.1618393659591675,0.5300730747611018,0.5196850393700787,0.8888888888888888,0.21333333333333335,"[[713, 18], [818, 230]]","[[50, 2], [59, 16]]"
13,6,0.964304506778717,0.6930860033726813,0.6456692913385826,0.8409090909090909,0.49333333333333335,"[[664, 67], [479, 569]]","[[45, 7], [38, 37]]"
13,7,0.8102052807807922,0.7448004496908376,0.6614173228346457,0.7105263157894737,0.72,"[[526, 205], [249, 799]]","[[30, 22], [21, 54]]"
13,8,0.7997344136238098,0.762788083192805,0.7165354330708661,0.7191011235955056,0.8533333333333334,"[[445, 286], [136, 912]]","[[27, 25], [11, 64]]"
13,9,0.851008415222168,0.7712197863968522,0.7165354330708661,0.7142857142857143,0.8666666666666667,"[[448, 283], [124, 924]]","[[26, 26], [10, 65]]"
13,10,0.8079875707626343,0.7729061270376616,0.7086614173228346,0.7317073170731707,0.8,"[[506, 225], [179, 869]]","[[30, 22], [15, 60]]"
13,11,0.7895814180374146,0.7695334457560428,0.6850393700787402,0.7868852459016393,0.64,"[[622, 109], [301, 747]]","[[39, 13], [27, 48]]"
13,12,0.7210283279418945,0.7228780213603148,0.6614173228346457,0.8333333333333334,0.5333333333333333,"[[679, 52], [441, 607]]","[[44, 8], [35, 40]]"
13,13,0.7263972759246826,0.6992692523889825,0.6299212598425197,0.85,0.4533333333333333,"[[694, 37], [498, 550]]","[[46, 6], [41, 34]]"
13,14,0.7910906076431274,0.7099494097807757,0.6535433070866141,0.8604651162790697,0.49333333333333335,"[[690, 41], [475, 573]]","[[46, 6], [38, 37]]"
13,15,0.7395198345184326,0.7335581787521079,0.6614173228346457,0.8333333333333334,0.5333333333333333,"[[681, 50], [424, 624]]","[[44, 8], [35, 40]]"
13,16,0.7299251556396484,0.7611017425519955,0.7007874015748031,0.8363636363636363,0.6133333333333333,"[[668, 63], [362, 686]]","[[43, 9], [29, 46]]"
13,17,0.7241495251655579,0.7785272625070264,0.7244094488188977,0.8225806451612904,0.68,"[[639, 92], [302, 746]]","[[41, 11], [24, 51]]"
13,18,0.6916666626930237,0.7931422147273749,0.7086614173228346,0.7638888888888888,0.7333333333333333,"[[604, 127], [241, 807]]","[[35, 17], [20, 55]]"
13,19,0.6832203269004822,0.807195053400787,0.7165354330708661,0.7532467532467533,0.7733333333333333,"[[581, 150], [193, 855]]","[[33, 19], [17, 58]]"
13,20,0.7210734486579895,0.8128161888701517,0.7165354330708661,0.7468354430379747,0.7866666666666666,"[[578, 153], [180, 868]]","[[32, 20], [16, 59]]"
13,21,0.6737829446792603,0.8116919617762788,0.7165354330708661,0.7468354430379747,0.7866666666666666,"[[572, 159], [176, 872]]","[[32, 20], [16, 59]]"
13,22,0.6719253063201904,0.8139404159640248,0.7244094488188977,0.7564102564102564,0.7866666666666666,"[[578, 153], [178, 870]]","[[33, 19], [16, 59]]"
13,23,0.675000011920929,0.8077571669477235,0.7322834645669292,0.7662337662337663,0.7866666666666666,"[[590, 141], [201, 847]]","[[34, 18], [16, 59]]"
13,24,0.6906461119651794,0.8038223721191681,0.7165354330708661,0.7746478873239436,0.7333333333333333,"[[609, 122], [227, 821]]","[[36, 16], [20, 55]]"
13,25,0.6588268876075745,0.7965148960089938,0.7165354330708661,0.8,0.6933333333333334,"[[637, 94], [268, 780]]","[[39, 13], [23, 52]]"
13,26,0.6570593118667603,0.790893760539629,0.7007874015748031,0.8245614035087719,0.6266666666666667,"[[666, 65], [307, 741]]","[[42, 10], [28, 47]]"
13,27,0.6483049988746643,0.776840921866217,0.6929133858267716,0.8333333333333334,0.6,"[[673, 58], [339, 709]]","[[43, 9], [30, 45]]"
13,28,0.6717626452445984,0.7672849915682968,0.6850393700787402,0.8301886792452831,0.5866666666666667,"[[675, 56], [358, 690]]","[[43, 9], [31, 44]]"
13,29,0.6490879654884338,0.7667228780213603,0.6850393700787402,0.8301886792452831,0.5866666666666667,"[[676, 55], [360, 688]]","[[43, 9], [31, 44]]"
13,30,0.6421042680740356,0.7695334457560428,0.7086614173228346,0.8392857142857143,0.6266666666666667,"[[674, 57], [353, 695]]","[[43, 9], [28, 47]]"
13,31,0.6455613374710083,0.7774030354131535,0.7244094488188977,0.8448275862068966,0.6533333333333333,"[[673, 58], [338, 710]]","[[43, 9], [26, 49]]"
13,32,0.6431040167808533,0.7858347386172007,0.7165354330708661,0.8305084745762712,0.6533333333333333,"[[667, 64], [317, 731]]","[[42, 10], [26, 49]]"
14,0,1.3559240102767944,0.5896571107363687,0.5826771653543307,0.5826771653543307,1.0,"[[0, 730], [0, 1049]]","[[0, 53], [0, 74]]"
14,1,1.9561595916748047,0.5902192242833052,0.5826771653543307,0.5826771653543307,1.0,"[[1, 729], [0, 1049]]","[[0, 53], [0, 74]]"
14,2,1.4996490478515625,0.6453063518830804,0.5669291338582677,0.5826086956521739,0.9054054054054054,"[[150, 580], [51, 998]]","[[5, 48], [7, 67]]"
14,3,1.1527228355407715,0.6014614952220348,0.5984251968503937,0.8709677419354839,0.36486486486486486,"[[639, 91], [618, 431]]","[[49, 4], [47, 27]]"
14,4,0.9297443628311157,0.5401911186059584,0.5511811023622047,0.9473684210526315,0.24324324324324326,"[[686, 44], [774, 275]]","[[52, 1], [56, 18]]"
14,5,1.0048922300338745,0.6245081506464306,0.6220472440944882,0.90625,0.3918918918918919,"[[673, 57], [611, 438]]","[[50, 3], [45, 29]]"
14,6,0.8966286182403564,0.7380550871275998,0.7401574803149606,0.8253968253968254,0.7027027027027027,"[[564, 166], [300, 749]]","[[42, 11], [22, 52]]"
14,7,0.8161845207214355,0.7476110174255199,0.7322834645669292,0.7380952380952381,0.8378378378378378,"[[401, 329], [120, 929]]","[[31, 22], [12, 62]]"
14,8,0.8664473295211792,0.7425519955030916,0.7165354330708661,0.7159090909090909,0.8513513513513513,"[[371, 359], [99, 950]]","[[28, 25], [11, 63]]"
14,9,0.842483639717102,0.7667228780213603,0.7480314960629921,0.7692307692307693,0.8108108108108109,"[[452, 278], [137, 912]]","[[35, 18], [14, 60]]"
14,10,0.7979176044464111,0.7712197863968522,0.7401574803149606,0.7971014492753623,0.7432432432432432,"[[581, 149], [258, 791]]","[[39, 14], [19, 55]]"
14,11,0.7291021943092346,0.7504215851602024,0.7874015748031497,0.9122807017543859,0.7027027027027027,"[[651, 79], [365, 684]]","[[48, 5], [22, 52]]"
14,12,0.7363814115524292,0.7408656548622822,0.7874015748031497,0.9122807017543859,0.7027027027027027,"[[662, 68], [393, 656]]","[[48, 5], [22, 52]]"
14,13,0.7408676147460938,0.7566048341765037,0.7559055118110236,0.8524590163934426,0.7027027027027027,"[[643, 87], [346, 703]]","[[44, 9], [22, 52]]"
14,14,0.7096952199935913,0.7785272625070264,0.7559055118110236,0.8208955223880597,0.7432432432432432,"[[606, 124], [270, 779]]","[[41, 12], [19, 55]]"
14,15,0.6832115650177002,0.7914558740865655,0.7322834645669292,0.7564102564102564,0.7972972972972973,"[[549, 181], [190, 859]]","[[34, 19], [15, 59]]"
14,16,0.6922534704208374,0.7976391231028668,0.7480314960629921,0.7560975609756098,0.8378378378378378,"[[515, 215], [145, 904]]","[[33, 20], [12, 62]]"
14,17,0.697472870349884,0.7987633501967397,0.7480314960629921,0.7560975609756098,0.8378378378378378,"[[517, 213], [145, 904]]","[[33, 20], [12, 62]]"
14,18,0.6778505444526672,0.8032602585722316,0.7480314960629921,0.7560975609756098,0.8378378378378378,"[[534, 196], [154, 895]]","[[33, 20], [12, 62]]"
14,19,0.6799113154411316,0.8066329398538504,0.7716535433070866,0.7922077922077922,0.8243243243243243,"[[557, 173], [171, 878]]","[[37, 16], [13, 61]]"
14,20,0.6592658758163452,0.8145025295109612,0.7637795275590551,0.7894736842105263,0.8108108108108109,"[[586, 144], [186, 863]]","[[37, 16], [14, 60]]"
15,0,1.0823631286621094,0.41034288926363127,0.41732283464566927,0.0,0.0,"[[730, 0], [1049, 0]]","[[53, 0], [74, 0]]"
15,1,2.6046624183654785,0.41034288926363127,0.41732283464566927,0.0,0.0,"[[730, 0], [1049, 0]]","[[53, 0], [74, 0]]"
15,2,2.022815465927124,0.44013490725126475,0.4330708661417323,1.0,0.02702702702702703,"[[729, 1], [995, 54]]","[[53, 0], [72, 2]]"
15,3,1.0843130350112915,0.7374929735806633,0.7086614173228346,0.7032967032967034,0.8648648648648649,"[[407, 323], [144, 905]]","[[26, 27], [10, 64]]"
15,4,0.849631130695343,0.6779089376053963,0.6535433070866141,0.6293103448275862,0.9864864864864865,"[[203, 527], [46, 1003]]","[[10, 43], [1, 73]]"
15,5,0.9446531534194946,0.7273749297358066,0.6850393700787402,0.6634615384615384,0.9324324324324325,"[[324, 406], [79, 970]]","[[18, 35], [5, 69]]"
15,6,0.9060531258583069,0.7678471051152332,0.8110236220472441,0.8289473684210527,0.8513513513513513,"[[523, 207], [206, 843]]","[[40, 13], [11, 63]]"
15,7,0.798279881477356,0.7189432265317595,0.7322834645669292,0.8846153846153846,0.6216216216216216,"[[669, 61], [439, 610]]","[[47, 6], [28, 46]]"
15,8,0.7862712144851685,0.6902754356379989,0.7244094488188977,0.8823529411764706,0.6081081081081081,"[[688, 42], [509, 540]]","[[47, 6], [29, 45]]"
15,9,0.8393032550811768,0.7172568858909499,0.7322834645669292,0.8846153846153846,0.6216216216216216,"[[679, 51], [452, 597]]","[[47, 6], [28, 46]]"
15,10,0.7695680856704712,0.7459246767847105,0.7795275590551181,0.896551724137931,0.7027027027027027,"[[623, 107], [345, 704]]","[[47, 6], [22, 52]]"
15,11,0.7327643632888794,0.7796514896008994,0.8031496062992126,0.8450704225352113,0.8108108108108109,"[[584, 146], [246, 803]]","[[42, 11], [14, 60]]"
15,12,0.7140120267868042,0.7897695334457561,0.8031496062992126,0.8181818181818182,0.8513513513513513,"[[551, 179], [195, 854]]","[[39, 14], [11, 63]]"
15,13,0.7317583560943604,0.7892074198988196,0.8031496062992126,0.8181818181818182,0.8513513513513513,"[[543, 187], [188, 861]]","[[39, 14], [11, 63]]"
15,14,0.7144497036933899,0.7931422147273749,0.7952755905511811,0.8157894736842105,0.8378378378378378,"[[556, 174], [194, 855]]","[[39, 14], [12, 62]]"
15,15,0.7139414548873901,0.7965148960089938,0.8031496062992126,0.8356164383561644,0.8243243243243243,"[[584, 146], [216, 833]]","[[41, 12], [13, 61]]"
